id,first_name,last_name,email,country,ip_address,MIME
1,Judy,Alexander,jalexander0@telegraph.co.uk,Philippines,113.193.209.28,application/vnd.ms-powerpoint
2,Beverly,Payne,bpayne1@msn.com,Andorra,197.199.0.250,application/mspowerpoint
3,Michael,West,mwest2@marketwatch.com,Guatemala,244.225.166.253,application/mspowerpoint
4,Gerald,Phillips,gphillips3@wsj.com,Serbia,104.189.104.237,image/png
5,Denise,Bradley,dbradley4@cocolog-nifty.com,,5.83.82.152,image/pjpeg
6,Frank,Edwards,fedwards5@foxnews.com,Thailand,251.129.10.11,application/vnd.ms-powerpoint
7,Gerald,White,gwhite6@shinystat.com,Nigeria,116.237.168.30,video/mpeg
8,Judith,Perry,,Comoros,145.99.189.124,video/quicktime
9,Brian,Williams,bwilliams8@symantec.com,,111.3.62.40,video/x-msvideo
10,Irene,Garza,igarza9@sourceforge.net,Indonesia,195.197.56.231,application/mspowerpoint
11,Ruth,Morrison,rmorrisona@marketwatch.com,Syria,2.23.97.144,application/x-excel
12,Karen,Greene,kgreeneb@posterous.com,,204.254.167.143,application/vnd.ms-powerpoint
13,Samuel,Bryant,sbryantc@rambler.ru,United States,57.4.99.28,image/tiff
14,Henry,Lynch,hlynchd@businesswire.com,Malaysia,193.233.107.170,application/powerpoint
15,Dennis,Kennedy,,China,219.69.140.67,application/x-troff-msvideo
16,Jean,Warren,jwarrenf@toplist.cz,Sweden,234.113.122.82,application/excel
17,Phyllis,Jones,pjonesg@archive.org,,168.49.41.7,application/pdf
18,David,Cole,dcoleh@soundcloud.com,China,46.161.250.173,application/powerpoint
19,Jesse,Bryant,jbryanti@ocn.ne.jp,China,79.218.30.4,image/pjpeg
20,Ann,Reed,areedj@bandcamp.com,Russia,96.124.70.5,audio/x-mpeg-3
21,Jesse,Berry,jberryk@prweb.com,China,162.198.139.248,video/msvideo
22,Ruby,White,rwhitel@goodreads.com,Iraq,66.56.184.202,application/powerpoint
23,Ronald,Carter,rcarterm@hibu.com,China,22.46.221.129,image/jpeg
24,Evelyn,Foster,efostern@foxnews.com,,183.71.203.144,application/msword
25,Catherine,Watson,cwatsono@reverbnation.com,United States,224.123.35.10,image/tiff
26,Roy,Bailey,rbaileyp@washingtonpost.com,Philippines,193.68.145.214,image/gif
27,Andrea,Nichols,anicholsq@is.gd,,99.34.61.204,video/x-mpeg
28,Beverly,Kim,,United States,150.108.45.233,application/msword
29,Kimberly,Moreno,kmorenos@123-reg.co.uk,Colombia,58.234.167.23,application/x-mspowerpoint
30,Kenneth,Taylor,ktaylort@nhs.uk,Tanzania,85.242.242.212,application/excel
31,Marie,Wagner,mwagneru@army.mil,Netherlands,140.255.98.1,application/x-msexcel
32,Heather,Thomas,hthomasv@engadget.com,China,67.139.46.137,image/pjpeg
33,Brandon,Williamson,bwilliamsonw@microsoft.com,Philippines,128.115.182.11,audio/mpeg3
34,Wanda,Morrison,wmorrisonx@ning.com,Mexico,31.45.228.34,application/powerpoint
35,Bruce,Richards,brichardsy@unc.edu,China,123.199.255.122,text/plain
36,Jessica,Alexander,jalexanderz@ycombinator.com,Japan,192.245.216.7,application/mspowerpoint
37,Maria,Gordon,mgordon10@bloglovin.com,China,221.72.200.114,text/plain
38,Todd,Cox,tcox11@slate.com,Portugal,184.167.139.141,video/mpeg
39,Bruce,Gardner,bgardner12@sfgate.com,,17.196.222.78,video/mpeg
40,Louise,Anderson,landerson13@yale.edu,South Africa,156.130.1.28,image/jpeg
41,Jason,Fuller,,,150.207.154.23,application/msword
42,Ronald,Bryant,rbryant15@tamu.edu,Poland,53.235.144.189,application/excel
43,Jacqueline,Russell,jrussell16@msu.edu,Iran,117.34.69.83,video/avi
44,Marie,Lawson,mlawson17@bizjournals.com,Egypt,204.32.69.27,application/x-mspowerpoint
45,Juan,Hanson,jhanson18@google.pl,Pakistan,218.192.52.60,application/x-excel
46,Ashley,Green,agreen19@nyu.edu,Poland,156.226.154.29,video/msvideo
47,Peter,Smith,psmith1a@simplemachines.org,El Salvador,179.214.15.251,video/mpeg
48,Laura,Boyd,lboyd1b@e-recht24.de,Russia,120.118.134.225,video/x-msvideo
49,Brandon,Lee,blee1c@w3.org,Sweden,91.32.198.116,application/x-mspowerpoint
50,Julie,Day,jday1d@answers.com,United States,58.22.76.234,application/x-troff-msvideo
51,Jane,Harvey,jharvey1e@cdc.gov,Philippines,33.140.176.205,image/pjpeg
52,James,Morales,jmorales1f@xrea.com,Indonesia,229.207.208.183,application/vnd.ms-excel
53,Nicole,Reynolds,nreynolds1g@ihg.com,Cuba,134.18.19.203,video/avi
54,Edward,Wagner,ewagner1h@symantec.com,,60.235.204.108,application/powerpoint
55,Antonio,Ellis,aellis1i@altervista.org,Indonesia,21.53.10.181,image/pjpeg
56,Joyce,Burton,jburton1j@ocn.ne.jp,,48.156.24.102,application/x-mspowerpoint
57,Stephen,Peterson,speterson1k@ameblo.jp,Indonesia,216.0.142.132,audio/x-mpeg-3
58,Frank,Bishop,fbishop1l@wikipedia.org,Thailand,136.140.63.31,application/pdf
59,Helen,Willis,,,75.169.54.125,image/pjpeg
60,Carolyn,Flores,cflores1n@samsung.com,Finland,219.68.192.14,video/x-msvideo
61,Wanda,Lane,wlane1o@nhs.uk,Myanmar,91.12.201.141,image/png
62,Larry,Hunter,lhunter1p@rakuten.co.jp,Philippines,197.48.194.247,video/mpeg
63,Jason,Morgan,jmorgan1q@dot.gov,Bahrain,21.172.155.45,application/excel
64,Ronald,Knight,rknight1r@webeden.co.uk,Argentina,97.27.102.155,video/avi
65,Russell,Howard,rhoward1s@nytimes.com,Ireland,160.35.149.131,image/pjpeg
66,Kathy,Gibson,kgibson1t@moonfruit.com,China,7.144.182.47,text/plain
67,Kimberly,Crawford,kcrawford1u@ox.ac.uk,Thailand,82.138.111.82,video/avi
68,Walter,Sanchez,wsanchez1v@soundcloud.com,Indonesia,160.5.245.219,application/msword
69,Jessica,Kim,jkim1w@huffingtonpost.com,El Salvador,140.178.165.32,application/powerpoint
70,Samuel,Perez,sperez1x@arstechnica.com,Iran,172.118.102.126,image/pjpeg
71,Linda,Clark,lclark1y@netvibes.com,Philippines,107.84.29.128,application/msword
72,Michelle,Ellis,mellis1z@pagesperso-orange.fr,Czech Republic,9.150.210.98,application/excel
73,Sara,Payne,spayne20@utexas.edu,Uzbekistan,103.0.243.169,image/pjpeg
74,Joshua,Schmidt,jschmidt21@cmu.edu,Peru,41.39.85.39,application/powerpoint
75,Jose,Myers,jmyers22@hao123.com,Myanmar,230.49.177.46,video/msvideo
76,Maria,Watson,mwatson23@webs.com,Brazil,204.215.144.73,video/x-mpeg
77,Wayne,Morales,wmorales24@vistaprint.com,Russia,22.122.62.52,video/x-msvideo
78,Todd,Lynch,,Mexico,186.26.251.65,application/vnd.ms-excel
79,George,Oliver,goliver26@geocities.jp,Guam,129.115.76.107,audio/mpeg3
80,Kelly,Peters,kpeters27@123-reg.co.uk,Portugal,209.235.187.106,audio/x-mpeg-3
81,Ryan,Green,rgreen28@hexun.com,Kenya,161.212.165.29,application/vnd.ms-powerpoint
82,Howard,Ward,,Indonesia,210.174.221.221,video/mpeg
83,Andrea,Hudson,ahudson2a@xing.com,Indonesia,252.249.86.241,audio/mpeg3
84,Jeremy,Hawkins,jhawkins2b@webnode.com,China,173.23.221.203,application/x-excel
85,Steven,Wallace,swallace2c@loc.gov,Peru,218.187.223.246,video/avi
86,Louis,White,lwhite2d@ted.com,South Korea,218.0.8.15,audio/mpeg3
87,Janet,Harvey,jharvey2e@fda.gov,Russia,226.226.208.204,video/mpeg
88,Shawn,Rose,srose2f@behance.net,,134.101.197.26,image/png
89,Barbara,Wells,bwells2g@51.la,Brazil,211.18.120.158,video/mpeg
90,Doris,Carpenter,dcarpenter2h@de.vu,Japan,79.245.109.215,application/x-excel
91,Jerry,Meyer,jmeyer2i@cbc.ca,Netherlands,242.15.192.215,application/x-excel
92,Sarah,Gutierrez,sgutierrez2j@pcworld.com,Taiwan,201.9.229.220,application/mspowerpoint
93,Wayne,Perkins,wperkins2k@miibeian.gov.cn,,180.101.117.202,application/pdf
94,Amanda,Alvarez,aalvarez2l@blogtalkradio.com,Gambia,33.150.53.93,application/x-troff-msvideo
95,Theresa,West,twest2m@va.gov,Indonesia,131.165.49.51,video/avi
96,Katherine,Porter,kporter2n@feedburner.com,Venezuela,0.119.212.44,application/mspowerpoint
97,Ryan,Adams,radams2o@pinterest.com,,228.49.217.174,video/avi
98,Clarence,Green,cgreen2p@aol.com,Sweden,56.241.82.6,video/avi
99,Brian,Carroll,bcarroll2q@tinypic.com,Philippines,51.94.169.185,video/x-msvideo
100,Marilyn,Kelley,mkelley2r@pen.io,Philippines,116.149.210.191,audio/mpeg3
101,Harry,George,hgeorge2s@buzzfeed.com,Kuwait,145.105.251.111,video/x-msvideo
102,Carlos,Ward,cward2t@bizjournals.com,China,241.203.185.234,text/plain
103,Ruth,Matthews,rmatthews2u@csmonitor.com,Indonesia,139.198.191.19,application/x-excel
104,Larry,Ellis,lellis2v@weebly.com,Poland,149.237.200.51,application/msword
105,Helen,Berry,hberry2w@google.de,Brazil,67.30.146.233,image/gif
106,Roy,Fowler,rfowler2x@ocn.ne.jp,Gambia,156.128.238.7,video/avi
107,Aaron,Edwards,aedwards2y@netlog.com,Indonesia,136.105.235.10,video/x-mpeg
108,Steven,Franklin,,Palestinian Territory,250.218.69.254,video/x-mpeg
109,Paula,Harris,,China,112.236.253.174,image/jpeg
110,Keith,Johnston,kjohnston31@flickr.com,Indonesia,236.45.243.134,video/x-msvideo
111,Walter,Tucker,wtucker32@mtv.com,Peru,209.103.130.13,video/mpeg
112,Samuel,Gutierrez,sgutierrez33@dyndns.org,,83.171.146.245,video/x-msvideo
113,Douglas,Murphy,dmurphy34@slideshare.net,China,81.229.86.230,text/plain
114,Stephanie,Alexander,salexander35@tinypic.com,Philippines,195.254.101.169,application/x-troff-msvideo
115,Beverly,Lawrence,blawrence36@slideshare.net,Belgium,74.0.90.10,application/pdf
116,Nicole,Campbell,ncampbell37@tiny.cc,China,156.172.51.213,image/pjpeg
117,Gary,Hicks,ghicks38@weibo.com,Peru,124.201.109.64,audio/mpeg3
118,Willie,Marshall,,France,65.35.9.101,application/excel
119,Heather,Reynolds,,Ukraine,98.173.60.236,video/x-msvideo
120,Clarence,Diaz,cdiaz3b@canalblog.com,,97.155.79.229,text/plain
121,Virginia,Romero,vromero3c@state.gov,Czech Republic,75.209.51.160,application/pdf
122,Carol,Lynch,clynch3d@wp.com,China,113.242.56.95,application/pdf
123,Jonathan,Greene,jgreene3e@smugmug.com,,100.179.239.59,application/powerpoint
124,Louis,Walker,lwalker3f@sina.com.cn,Philippines,85.101.132.110,application/msword
125,Ann,Richards,arichards3g@nifty.com,China,21.250.217.157,audio/x-mpeg-3
126,Carolyn,Kim,ckim3h@ed.gov,Bangladesh,235.224.189.128,video/msvideo
127,Paul,Anderson,panderson3i@csmonitor.com,Malta,154.238.146.236,application/vnd.ms-powerpoint
128,Christine,Harrison,charrison3j@examiner.com,Saint Martin,253.224.37.117,application/mspowerpoint
129,Victor,Lopez,,Slovenia,89.23.184.179,application/msword
130,Jane,Rodriguez,jrodriguez3l@tumblr.com,Russia,100.30.61.0,text/plain
131,Alan,Banks,abanks3m@ox.ac.uk,Thailand,57.2.60.20,application/excel
132,Kathy,Hudson,khudson3n@blinklist.com,Azerbaijan,53.198.30.113,image/gif
133,Larry,Price,lprice3o@nhs.uk,Ukraine,98.14.208.109,application/pdf
134,Kevin,Alexander,kalexander3p@mail.ru,Japan,127.201.123.12,application/vnd.ms-excel
135,Marilyn,Kim,mkim3q@state.tx.us,Democratic Republic of the Congo,193.219.39.217,application/vnd.ms-powerpoint
136,Annie,Chapman,achapman3r@kickstarter.com,Bolivia,158.19.199.75,application/mspowerpoint
137,Beverly,Armstrong,barmstrong3s@google.ca,,82.88.7.37,audio/x-mpeg-3
138,Lillian,Bryant,lbryant3t@hhs.gov,China,147.109.142.29,application/mspowerpoint
139,Jean,Jones,jjones3u@livejournal.com,Djibouti,11.119.227.171,video/x-mpeg
140,Kelly,Hunt,khunt3v@smh.com.au,Canada,75.17.43.143,text/plain
141,Helen,Daniels,hdaniels3w@fastcompany.com,Croatia,99.106.6.93,video/mpeg
142,Mary,Mendoza,mmendoza3x@trellian.com,Czech Republic,67.205.193.249,application/vnd.ms-excel
143,Kelly,Lawson,klawson3y@miibeian.gov.cn,Poland,155.217.152.9,application/excel
144,Lillian,Hall,lhall3z@shutterfly.com,Brazil,63.192.96.0,application/x-excel
145,Scott,Ellis,sellis40@baidu.com,Liechtenstein,92.64.8.165,application/msword
146,Terry,Rice,trice41@bizjournals.com,Saudi Arabia,193.87.130.176,video/msvideo
147,Janet,Medina,jmedina42@squarespace.com,Philippines,221.203.223.28,image/jpeg
148,Norma,Banks,nbanks43@theglobeandmail.com,New Zealand,133.157.108.15,video/msvideo
149,Matthew,Ray,mray44@bravesites.com,Sweden,41.7.41.5,image/x-tiff
150,Heather,Smith,hsmith45@blinklist.com,,104.146.11.78,image/gif
151,Julia,Murray,jmurray46@amazon.co.jp,Honduras,147.108.181.198,video/mpeg
152,Evelyn,Dean,edean47@plala.or.jp,Indonesia,187.16.180.74,video/mpeg
153,Nicholas,Gonzalez,ngonzalez48@accuweather.com,United States,250.195.78.114,video/msvideo
154,Christopher,Murray,cmurray49@chron.com,United Kingdom,237.129.131.13,image/pjpeg
155,Kevin,Jordan,kjordan4a@google.com.au,Russia,180.163.178.144,image/gif
156,Jason,Harvey,jharvey4b@cisco.com,,95.236.18.70,image/jpeg
157,Donald,Grant,dgrant4c@typepad.com,Democratic Republic of the Congo,219.188.118.32,application/excel
158,Joyce,Harvey,jharvey4d@ucsd.edu,Japan,4.23.252.74,application/x-msexcel
159,Charles,Washington,cwashington4e@etsy.com,Burkina Faso,251.0.147.130,application/x-troff-msvideo
160,Phyllis,Shaw,pshaw4f@nymag.com,Japan,126.62.14.55,audio/x-mpeg-3
161,Mildred,Roberts,mroberts4g@home.pl,Finland,81.180.91.161,application/msword
162,Kathy,Montgomery,kmontgomery4h@ocn.ne.jp,Philippines,185.65.73.109,video/mpeg
163,Johnny,Peters,jpeters4i@hp.com,Ireland,195.105.219.142,application/vnd.ms-excel
164,Bruce,Carter,bcarter4j@imdb.com,Greece,89.173.107.191,image/tiff
165,Timothy,Collins,tcollins4k@1688.com,Czech Republic,93.19.92.10,audio/mpeg3
166,David,Mills,dmills4l@twitter.com,Canada,110.35.47.191,image/gif
167,Carol,Kim,ckim4m@goo.gl,Finland,70.15.104.233,audio/mpeg3
168,Martin,Fox,mfox4n@skype.com,Philippines,243.90.148.82,application/x-troff-msvideo
169,Carl,Ford,cford4o@rediff.com,Vietnam,119.122.70.116,image/x-tiff
170,Larry,Collins,lcollins4p@icq.com,Russia,252.178.66.29,application/x-troff-msvideo
171,Carolyn,Smith,csmith4q@discovery.com,Indonesia,107.101.189.89,text/plain
172,Jonathan,Evans,jevans4r@altervista.org,Philippines,48.222.131.113,application/x-troff-msvideo
173,Richard,Perry,rperry4s@multiply.com,China,9.127.126.141,video/quicktime
174,Antonio,Williams,awilliams4t@state.tx.us,United States,3.8.41.196,image/png
175,Donna,Snyder,dsnyder4u@shop-pro.jp,France,123.207.93.212,audio/x-mpeg-3
176,Evelyn,Burke,,China,150.253.147.211,video/avi
177,George,Jordan,gjordan4w@123-reg.co.uk,Argentina,94.136.128.41,application/x-excel
178,Annie,Peters,apeters4x@mtv.com,Thailand,10.49.129.205,image/x-tiff
179,Deborah,Hamilton,dhamilton4y@paginegialle.it,Peru,39.238.19.68,application/x-excel
180,William,Anderson,wanderson4z@earthlink.net,,202.26.245.69,application/powerpoint
181,Craig,Ortiz,cortiz50@slideshare.net,United States,243.27.61.10,image/pjpeg
182,Linda,Wheeler,lwheeler51@com.com,China,182.35.129.160,video/x-mpeg
183,Daniel,Olson,dolson52@mlb.com,Ireland,120.211.255.109,video/mpeg
184,Eric,Perez,eperez53@4shared.com,China,129.136.196.161,image/tiff
185,Kathryn,Hamilton,khamilton54@arstechnica.com,Brazil,114.63.124.255,video/mpeg
186,Joshua,Torres,jtorres55@wired.com,China,169.57.1.149,application/powerpoint
187,Jessica,Russell,jrussell56@bizjournals.com,Uganda,192.6.11.208,video/mpeg
188,Anthony,Henderson,ahenderson57@sakura.ne.jp,Finland,126.91.23.200,image/jpeg
189,Louis,Jenkins,ljenkins58@ifeng.com,Brazil,197.31.80.108,image/gif
190,Roger,Ramos,rramos59@acquirethisname.com,Portugal,153.99.108.180,video/avi
191,Kimberly,Rogers,krogers5a@stanford.edu,Brazil,192.29.184.56,video/x-msvideo
192,Nicholas,Lane,nlane5b@stumbleupon.com,Japan,211.94.212.219,image/pjpeg
193,Edward,Wells,ewells5c@diigo.com,Indonesia,42.167.117.186,application/x-excel
194,Patrick,Adams,padams5d@seattletimes.com,France,202.8.166.45,application/excel
195,Brian,Thomas,bthomas5e@bravesites.com,Mexico,201.239.243.152,application/powerpoint
196,Adam,Howell,ahowell5f@youtu.be,China,200.175.17.6,audio/mpeg3
197,Bonnie,Jones,bjones5g@nyu.edu,Finland,127.210.72.223,image/x-tiff
198,Sara,Hanson,shanson5h@odnoklassniki.ru,Belize,12.143.52.171,text/plain
199,Gary,Garrett,ggarrett5i@about.me,Indonesia,179.205.81.75,image/tiff
200,Janet,Ramirez,jramirez5j@mayoclinic.com,Indonesia,54.121.57.41,audio/mpeg3
201,John,Gomez,jgomez5k@google.de,Egypt,57.86.156.0,application/pdf
202,Phillip,Adams,padams5l@ustream.tv,Brazil,127.204.46.102,image/tiff
203,Lori,Gray,lgray5m@bloglovin.com,Iran,105.207.69.114,video/x-mpeg
204,Rose,Fisher,rfisher5n@vistaprint.com,Albania,51.99.204.224,application/pdf
205,Samuel,Fields,sfields5o@multiply.com,Kazakhstan,157.252.250.20,video/mpeg
206,Jane,Foster,jfoster5p@samsung.com,Lebanon,246.103.127.95,image/tiff
207,Joseph,Fuller,jfuller5q@independent.co.uk,Poland,220.20.38.107,image/x-tiff
208,Kevin,Watkins,kwatkins5r@cargocollective.com,Philippines,35.105.132.121,video/avi
209,Teresa,Pierce,tpierce5s@java.com,Indonesia,130.156.46.234,video/x-mpeg
210,Brenda,Sims,bsims5t@issuu.com,Portugal,27.130.199.238,image/pjpeg
211,Stephen,Meyer,,Russia,235.236.135.183,video/avi
212,Nicholas,Larson,nlarson5v@technorati.com,Peru,92.62.151.137,video/quicktime
213,Maria,Rodriguez,mrodriguez5w@bigcartel.com,Republic of the Congo,77.63.194.190,video/mpeg
214,Lawrence,Miller,lmiller5x@wordpress.org,Bhutan,28.130.2.119,video/avi
215,Albert,Hunt,ahunt5y@archive.org,Portugal,146.0.157.5,application/vnd.ms-excel
216,Janet,Rivera,jrivera5z@addthis.com,Poland,85.240.169.179,video/x-msvideo
217,Albert,Burke,aburke60@ocn.ne.jp,Ecuador,46.131.194.183,application/x-troff-msvideo
218,Randy,Martinez,rmartinez61@odnoklassniki.ru,Czech Republic,243.49.230.128,video/mpeg
219,Cynthia,Burke,cburke62@pbs.org,Argentina,7.112.105.174,application/x-msexcel
220,Sara,Matthews,smatthews63@studiopress.com,Poland,155.126.119.148,video/quicktime
221,Howard,Medina,hmedina64@craigslist.org,Portugal,193.2.212.101,video/x-msvideo
222,Deborah,King,dking65@purevolume.com,Japan,151.61.157.88,image/jpeg
223,Phillip,Bailey,pbailey66@un.org,,255.90.234.29,application/msword
224,Sarah,Graham,,China,63.171.90.14,video/mpeg
225,Denise,Simpson,dsimpson68@blogger.com,Sweden,6.100.61.134,image/jpeg
226,Evelyn,Graham,egraham69@amazonaws.com,Philippines,103.106.45.72,audio/x-mpeg-3
227,Virginia,Hudson,vhudson6a@craigslist.org,,186.218.28.255,application/x-mspowerpoint
228,Wanda,Williamson,wwilliamson6b@baidu.com,Indonesia,85.160.153.178,audio/mpeg3
229,Charles,Hall,chall6c@tumblr.com,Lebanon,23.91.73.102,image/tiff
230,Anna,Lynch,alynch6d@blog.com,Poland,189.209.92.106,application/msword
231,Steven,Dean,sdean6e@mashable.com,,160.18.56.75,application/msword
232,Thomas,Dixon,,Poland,210.167.207.192,application/mspowerpoint
233,Walter,Romero,wromero6g@ucoz.ru,Philippines,198.197.48.146,video/avi
234,Lori,Woods,lwoods6h@foxnews.com,Norway,78.23.150.90,image/jpeg
235,Frank,Riley,friley6i@spotify.com,Russia,170.183.47.19,video/mpeg
236,Howard,Gardner,hgardner6j@wired.com,,24.173.16.74,image/x-tiff
237,Carolyn,Daniels,cdaniels6k@patch.com,Slovenia,30.154.219.140,application/x-mspowerpoint
238,Bruce,Harris,,Brazil,122.134.136.166,video/msvideo
239,Adam,West,awest6m@ucla.edu,,189.169.173.131,application/vnd.ms-powerpoint
240,Janice,Greene,jgreene6n@xing.com,Guatemala,207.204.211.39,text/plain
241,Lisa,Sanders,lsanders6o@e-recht24.de,Venezuela,109.41.171.242,application/pdf
242,Randy,Black,,Yemen,46.128.170.112,application/vnd.ms-excel
243,Phyllis,Day,pday6q@quantcast.com,Brazil,46.114.61.27,audio/x-mpeg-3
244,Lillian,Robertson,lrobertson6r@furl.net,China,50.87.6.203,image/pjpeg
245,Roy,Mitchell,rmitchell6s@nsw.gov.au,China,245.75.226.186,video/avi
246,Christina,Gordon,cgordon6t@epa.gov,Argentina,99.213.136.111,application/x-mspowerpoint
247,Susan,Simmons,ssimmons6u@ifeng.com,,33.84.97.253,application/x-excel
248,Clarence,Gilbert,cgilbert6v@samsung.com,,136.159.72.130,application/x-mspowerpoint
249,Annie,Harris,,Sweden,75.152.203.69,video/quicktime
250,Thomas,Castillo,tcastillo6x@psu.edu,France,146.28.43.12,application/x-msexcel
251,Emily,Riley,eriley6y@sakura.ne.jp,Indonesia,172.75.164.29,application/x-msexcel
252,Andrew,Pierce,apierce6z@rediff.com,Indonesia,59.42.116.244,video/x-msvideo
253,Bonnie,Sanders,,Dominican Republic,132.120.167.150,application/vnd.ms-powerpoint
254,Ronald,Graham,rgraham71@hibu.com,Indonesia,122.58.115.225,video/x-mpeg
255,Doris,Webb,dwebb72@google.de,Greece,58.60.213.248,image/gif
256,Stephen,Matthews,smatthews73@businessweek.com,Palestinian Territory,120.207.84.62,audio/x-mpeg-3
257,Lois,Cook,lcook74@ask.com,China,178.96.97.239,image/png
258,Angela,Cox,acox75@slashdot.org,Croatia,147.116.254.215,image/tiff
259,Janet,Wheeler,jwheeler76@usgs.gov,Mexico,167.64.163.20,text/plain
260,Walter,Lynch,wlynch77@google.cn,Greece,40.125.100.22,video/msvideo
261,Wanda,Lee,wlee78@eepurl.com,,212.144.204.26,application/excel
262,Sandra,Hill,shill79@4shared.com,Portugal,49.127.175.175,video/avi
263,Paula,West,pwest7a@bbb.org,China,138.203.1.75,image/x-tiff
264,Sharon,Montgomery,smontgomery7b@usa.gov,Afghanistan,239.236.39.1,video/mpeg
265,Virginia,Andrews,vandrews7c@mozilla.org,Germany,64.156.94.79,video/mpeg
266,Heather,Lawson,hlawson7d@wsj.com,China,31.224.208.158,video/avi
267,Amy,Jordan,ajordan7e@cyberchimps.com,,75.233.209.197,application/excel
268,Carol,Shaw,cshaw7f@princeton.edu,China,68.72.173.122,video/mpeg
269,Roy,Jordan,rjordan7g@unicef.org,Indonesia,198.132.138.29,image/pjpeg
270,Lori,Martin,lmartin7h@yelp.com,Uruguay,0.160.139.80,image/tiff
271,Eugene,Hudson,ehudson7i@ebay.co.uk,Armenia,121.3.245.107,image/jpeg
272,Howard,Lewis,hlewis7j@naver.com,China,70.34.95.93,application/mspowerpoint
273,Wayne,Hunter,whunter7k@latimes.com,Japan,245.201.57.83,image/pjpeg
274,Douglas,Snyder,dsnyder7l@paypal.com,Burundi,98.37.171.121,text/plain
275,Catherine,Payne,cpayne7m@nhs.uk,Syria,207.85.32.169,image/png
276,Janice,Berry,jberry7n@google.pl,United States,142.82.191.50,application/vnd.ms-powerpoint
277,Philip,Lewis,plewis7o@live.com,Sweden,225.69.98.238,application/pdf
278,Raymond,Owens,rowens7p@geocities.jp,China,246.153.228.206,video/quicktime
279,Kevin,Spencer,kspencer7q@apple.com,Portugal,194.130.159.116,application/mspowerpoint
280,Benjamin,Marshall,bmarshall7r@sphinn.com,United States,70.0.20.72,video/x-msvideo
281,Harry,Cole,hcole7s@smugmug.com,Indonesia,240.9.7.57,application/x-excel
282,Martin,Mitchell,mmitchell7t@craigslist.org,Indonesia,123.181.59.161,application/mspowerpoint
283,Karen,Hernandez,khernandez7u@sun.com,Mexico,80.42.96.74,application/vnd.ms-powerpoint
284,Donna,Torres,dtorres7v@lycos.com,China,229.134.186.54,image/gif
285,Andrew,Torres,atorres7w@nasa.gov,China,9.93.97.88,video/x-mpeg
286,Mary,Bennett,mbennett7x@jimdo.com,Hong Kong,159.144.64.129,application/excel
287,Charles,Sullivan,csullivan7y@bloomberg.com,Peru,45.186.245.64,video/mpeg
288,Aaron,Sims,asims7z@w3.org,Indonesia,183.249.181.82,video/x-msvideo
289,Stephen,Montgomery,smontgomery80@vinaora.com,Bosnia and Herzegovina,193.229.8.237,application/powerpoint
290,Julia,Jones,jjones81@bravesites.com,,84.10.254.253,application/x-troff-msvideo
291,Juan,Ray,jray82@shareasale.com,Kazakhstan,18.7.248.16,video/avi
292,Annie,Fernandez,afernandez83@kickstarter.com,China,214.218.203.221,video/mpeg
293,Stephen,Watson,swatson84@stanford.edu,Philippines,168.144.94.126,video/msvideo
294,Debra,Boyd,dboyd85@ted.com,France,4.4.106.0,application/powerpoint
295,Carl,Ruiz,cruiz86@usatoday.com,South Sudan,2.96.162.193,image/tiff
296,Roger,Rodriguez,,Russia,13.116.219.183,application/x-troff-msvideo
297,John,Robinson,jrobinson88@statcounter.com,Lithuania,71.176.2.43,application/pdf
298,Anne,Moreno,amoreno89@jugem.jp,China,46.135.142.128,text/plain
299,Jennifer,Fernandez,jfernandez8a@nsw.gov.au,China,153.68.12.192,video/x-msvideo
300,Norma,Bell,nbell8b@netvibes.com,Ireland,149.3.97.220,application/mspowerpoint
301,Albert,Castillo,acastillo8c@freewebs.com,Philippines,31.41.144.155,application/pdf
302,Michael,Chavez,mchavez8d@washingtonpost.com,Indonesia,206.199.144.195,application/x-troff-msvideo
303,Gary,Edwards,gedwards8e@china.com.cn,Palestinian Territory,216.111.97.23,application/vnd.ms-excel
304,Mary,Garza,mgarza8f@senate.gov,Serbia,166.31.16.136,image/jpeg
305,Nicole,Wilson,nwilson8g@zdnet.com,Vietnam,9.234.158.3,image/tiff
306,Laura,Reid,lreid8h@typepad.com,Colombia,203.5.120.197,application/x-msexcel
307,Aaron,Palmer,,China,33.9.113.149,application/mspowerpoint
308,Maria,Richards,mrichards8j@blogtalkradio.com,Colombia,66.239.103.8,text/plain
309,Timothy,Johnson,tjohnson8k@sciencedirect.com,Japan,148.63.179.52,image/pjpeg
310,Mark,Barnes,,Bolivia,79.84.42.194,application/x-excel
311,Judith,Flores,jflores8m@sohu.com,Peru,7.70.6.70,video/msvideo
312,Eric,Henry,ehenry8n@feedburner.com,Indonesia,148.96.222.38,video/x-mpeg
313,Gerald,Johnson,gjohnson8o@buzzfeed.com,Philippines,121.148.111.250,video/quicktime
314,Marie,Williamson,mwilliamson8p@joomla.org,Philippines,239.92.11.33,video/x-msvideo
315,Gerald,Snyder,gsnyder8q@comsenz.com,Brazil,126.137.112.130,video/mpeg
316,Lois,Ellis,lellis8r@opera.com,Russia,52.250.178.116,image/x-tiff
317,Ashley,Hughes,ahughes8s@goo.gl,Belarus,128.121.75.13,image/pjpeg
318,Jesse,Clark,jclark8t@aol.com,Bangladesh,202.219.110.233,text/plain
319,Bobby,Lane,blane8u@vimeo.com,China,26.42.62.67,image/x-tiff
320,Harold,Hughes,hhughes8v@prnewswire.com,Czech Republic,3.1.145.92,application/pdf
321,Martin,Bowman,mbowman8w@shop-pro.jp,Venezuela,248.29.137.165,video/quicktime
322,Walter,Harris,,Indonesia,98.22.51.186,image/tiff
323,Martha,Porter,mporter8y@sbwire.com,Peru,69.192.227.231,application/msword
324,Lillian,Carter,lcarter8z@twitpic.com,Albania,165.171.202.12,audio/x-mpeg-3
325,Scott,Pierce,spierce90@unicef.org,China,203.96.2.67,video/x-mpeg
326,Tina,Schmidt,tschmidt91@yelp.com,Colombia,125.169.164.117,video/mpeg
327,John,Scott,,China,174.215.16.189,application/x-mspowerpoint
328,Todd,Taylor,ttaylor93@hhs.gov,Philippines,87.226.130.51,image/tiff
329,Barbara,Johnson,bjohnson94@list-manage.com,Poland,190.5.120.142,application/msword
330,Billy,Ray,bray95@walmart.com,Spain,242.70.61.128,application/x-troff-msvideo
331,Patricia,Richardson,prichardson96@hud.gov,China,15.18.174.116,application/powerpoint
332,Brandon,Rivera,brivera97@yahoo.com,Poland,255.118.182.103,application/x-excel
333,George,George,ggeorge98@ftc.gov,Sweden,188.42.200.80,application/vnd.ms-excel
334,Jean,Edwards,jedwards99@wisc.edu,Pakistan,183.203.195.83,application/x-excel
335,Dennis,Thompson,dthompson9a@goo.ne.jp,Indonesia,27.199.221.122,image/pjpeg
336,Maria,Bennett,mbennett9b@booking.com,Indonesia,51.72.181.41,application/x-troff-msvideo
337,Brian,Rodriguez,brodriguez9c@ftc.gov,Comoros,208.50.230.123,application/excel
338,Jean,Little,jlittle9d@cam.ac.uk,,205.239.1.227,video/avi
339,Kathy,Castillo,kcastillo9e@acquirethisname.com,Portugal,163.130.14.127,video/avi
340,Ryan,Ruiz,rruiz9f@amazon.co.jp,,193.41.163.7,application/x-msexcel
341,Amanda,Romero,aromero9g@joomla.org,Philippines,200.58.94.110,application/x-mspowerpoint
342,Anna,Cooper,acooper9h@ifeng.com,Czech Republic,247.51.89.173,video/quicktime
343,Sean,Stanley,sstanley9i@utexas.edu,Brazil,9.78.237.11,video/quicktime
344,Samuel,Fisher,,Nigeria,36.252.87.11,video/mpeg
345,Ruth,Freeman,rfreeman9k@unblog.fr,Indonesia,132.211.153.7,video/msvideo
346,Michelle,Knight,,China,217.31.10.184,application/x-excel
347,Lois,Boyd,lboyd9m@facebook.com,,18.245.32.234,application/vnd.ms-excel
348,Tammy,Oliver,toliver9n@ed.gov,French Polynesia,244.125.92.118,application/vnd.ms-powerpoint
349,Robert,Sullivan,rsullivan9o@multiply.com,Uganda,47.122.215.247,application/pdf
350,Scott,Campbell,scampbell9p@delicious.com,Mexico,156.147.226.178,audio/x-mpeg-3
351,Susan,Mcdonald,smcdonald9q@unblog.fr,China,37.190.113.229,application/x-troff-msvideo
352,Ernest,Bailey,ebailey9r@seesaa.net,,32.102.245.97,application/x-troff-msvideo
353,Anthony,Allen,aallen9s@google.nl,,106.181.9.55,application/pdf
354,Willie,Gilbert,wgilbert9t@census.gov,Poland,79.80.47.143,application/x-msexcel
355,Kathryn,Scott,kscott9u@usnews.com,,121.183.226.205,video/avi
356,Craig,Tucker,ctucker9v@aol.com,Philippines,139.109.145.71,application/mspowerpoint
357,Albert,Chavez,achavez9w@dot.gov,Indonesia,224.226.100.191,audio/x-mpeg-3
358,Phillip,Pierce,ppierce9x@jiathis.com,,225.162.22.61,application/vnd.ms-powerpoint
359,Kimberly,Perez,kperez9y@fda.gov,Burundi,47.37.14.181,video/mpeg
360,Harold,Garcia,hgarcia9z@apache.org,Greece,10.173.242.236,audio/x-mpeg-3
361,Lisa,Oliver,lolivera0@independent.co.uk,China,62.199.178.8,image/tiff
362,Martha,Fernandez,mfernandeza1@google.cn,China,2.163.117.110,image/tiff
363,Shirley,Henderson,shendersona2@newyorker.com,Poland,51.235.82.34,application/mspowerpoint
364,Stephen,Hawkins,shawkinsa3@shutterfly.com,Philippines,10.118.153.107,image/png
365,Rose,Jones,rjonesa4@dropbox.com,Gambia,64.203.106.177,image/tiff
366,Brandon,Stanley,bstanleya5@odnoklassniki.ru,,118.37.159.146,application/mspowerpoint
367,Gregory,Sanchez,gsancheza6@abc.net.au,Ukraine,65.208.229.246,application/msword
368,Charles,Anderson,candersona7@mediafire.com,Ukraine,47.53.92.226,video/mpeg
369,Russell,Robinson,rrobinsona8@wisc.edu,Haiti,218.42.83.62,application/powerpoint
370,Clarence,Long,,Philippines,160.37.157.57,text/plain
371,Judith,Lee,jleeaa@toplist.cz,New Zealand,81.174.163.10,application/vnd.ms-powerpoint
372,Christopher,Johnson,,Brazil,178.201.126.246,image/jpeg
373,Lisa,Watkins,lwatkinsac@stumbleupon.com,Uganda,236.185.42.47,application/powerpoint
374,Joan,Weaver,jweaverad@biglobe.ne.jp,Peru,18.191.139.245,image/png
375,Jose,Flores,jfloresae@ning.com,Japan,135.197.233.195,application/x-troff-msvideo
376,Chris,Martinez,cmartinezaf@friendfeed.com,China,126.208.155.10,application/x-troff-msvideo
377,Steven,Hill,shillag@behance.net,United States,13.130.11.5,application/mspowerpoint
378,Theresa,West,twestah@npr.org,Ivory Coast,17.92.43.119,application/x-excel
379,Bobby,Sanchez,bsanchezai@who.int,,247.142.19.149,image/gif
380,Sean,Harper,sharperaj@loc.gov,,248.246.65.191,video/mpeg
381,Anthony,Thompson,athompsonak@icio.us,,13.81.101.68,image/pjpeg
382,Betty,Gonzales,bgonzalesal@mysql.com,Indonesia,77.38.106.174,audio/mpeg3
383,John,Mason,jmasonam@aboutads.info,Indonesia,192.42.85.146,text/plain
384,Richard,Rodriguez,rrodriguezan@sciencedirect.com,China,223.120.21.67,application/x-mspowerpoint
385,Tina,Dean,tdeanao@baidu.com,Japan,104.208.19.77,audio/x-mpeg-3
386,Virginia,Turner,vturnerap@cargocollective.com,China,231.32.157.238,text/plain
387,Katherine,Arnold,karnoldaq@paginegialle.it,Thailand,222.66.227.90,application/msword
388,Robin,Gilbert,rgilbertar@about.me,Afghanistan,137.84.183.177,application/powerpoint
389,Gerald,Hawkins,ghawkinsas@indiegogo.com,China,218.185.16.119,image/jpeg
390,Gregory,Bowman,,Russia,24.32.97.41,application/pdf
391,Roger,Russell,rrussellau@tripod.com,China,164.210.159.231,image/x-tiff
392,John,Rodriguez,jrodriguezav@wordpress.org,Cameroon,31.60.181.7,image/png
393,Terry,Henry,thenryaw@nba.com,Poland,239.64.58.70,application/mspowerpoint
394,Linda,Richardson,lrichardsonax@salon.com,,146.120.27.24,image/gif
395,Michelle,Alvarez,malvarezay@de.vu,China,127.51.235.94,image/gif
396,Nancy,Allen,nallenaz@time.com,Latvia,7.118.222.9,image/png
397,Maria,Hicks,mhicksb0@bluehost.com,,130.142.138.162,image/gif
398,Billy,Sims,bsimsb1@typepad.com,Portugal,248.110.203.51,application/x-msexcel
399,Frank,Thomas,fthomasb2@tamu.edu,France,50.13.250.38,application/vnd.ms-excel
400,Heather,Kelly,hkellyb3@nytimes.com,Russia,28.194.13.140,video/avi
401,Steve,Rivera,sriverab4@tinyurl.com,Philippines,222.207.120.100,video/x-mpeg
402,Deborah,Stanley,dstanleyb5@eventbrite.com,China,2.108.223.231,audio/mpeg3
403,Wanda,Armstrong,warmstrongb6@vimeo.com,,14.246.203.4,image/png
404,Samuel,Banks,sbanksb7@narod.ru,Venezuela,135.157.231.104,image/x-tiff
405,Fred,Harvey,fharveyb8@globo.com,Argentina,169.97.176.77,application/powerpoint
406,Janet,Bennett,jbennettb9@uol.com.br,Croatia,160.172.98.211,image/png
407,Howard,Mason,hmasonba@taobao.com,Poland,95.214.177.70,text/plain
408,Earl,Morris,emorrisbb@state.tx.us,Peru,26.163.228.38,image/jpeg
409,Sharon,Kennedy,skennedybc@unc.edu,France,44.29.237.78,image/pjpeg
410,Anna,Jenkins,ajenkinsbd@tripadvisor.com,,46.213.74.235,application/x-troff-msvideo
411,Larry,Kennedy,lkennedybe@hao123.com,Netherlands,123.27.4.104,application/vnd.ms-excel
412,Lillian,Harris,lharrisbf@sphinn.com,Indonesia,146.41.142.149,image/png
413,Sarah,Howard,showardbg@jugem.jp,China,33.206.166.101,application/msword
414,Andrea,Murray,amurraybh@netlog.com,Indonesia,143.82.6.26,application/x-troff-msvideo
415,Christine,Franklin,cfranklinbi@hud.gov,France,61.37.95.123,text/plain
416,Helen,Rivera,hriverabj@wikipedia.org,Democratic Republic of the Congo,28.78.141.233,image/jpeg
417,Mary,Austin,maustinbk@psu.edu,China,51.143.125.50,application/x-excel
418,Steven,Tucker,stuckerbl@google.nl,Vietnam,111.241.124.45,audio/x-mpeg-3
419,Ruth,Phillips,rphillipsbm@people.com.cn,China,96.199.48.43,application/mspowerpoint
420,Benjamin,Knight,bknightbn@oracle.com,Serbia,150.193.247.57,image/gif
421,Pamela,Mills,pmillsbo@marketwatch.com,Poland,98.43.226.250,text/plain
422,Benjamin,Schmidt,bschmidtbp@instagram.com,Argentina,200.226.202.216,text/plain
423,Daniel,King,dkingbq@goodreads.com,United States,20.171.186.225,video/mpeg
424,Jack,Daniels,jdanielsbr@state.tx.us,China,212.28.7.246,text/plain
425,Karen,Ruiz,kruizbs@msn.com,Cuba,132.180.88.4,application/pdf
426,Elizabeth,Hamilton,ehamiltonbt@google.co.uk,China,137.82.47.86,image/x-tiff
427,Adam,Stone,astonebu@theguardian.com,,140.96.19.137,text/plain
428,Antonio,Williams,awilliamsbv@xrea.com,Afghanistan,103.138.120.213,application/x-msexcel
429,Marie,Armstrong,marmstrongbw@people.com.cn,Greece,240.199.228.67,video/quicktime
430,Anthony,Howell,ahowellbx@slideshare.net,Philippines,150.106.240.231,audio/x-mpeg-3
431,Deborah,Garrett,dgarrettby@delicious.com,New Zealand,97.231.191.194,application/vnd.ms-excel
432,Ralph,Ray,rraybz@networksolutions.com,Peru,22.163.152.230,video/x-mpeg
433,Helen,Harvey,,Portugal,225.63.97.216,application/vnd.ms-excel
434,Louis,Carr,lcarrc1@networksolutions.com,Philippines,202.86.11.13,image/png
435,Catherine,Fields,,China,76.172.112.58,application/excel
436,Phillip,Ross,prossc3@squarespace.com,China,179.33.162.52,audio/mpeg3
437,Jason,West,jwestc4@livejournal.com,Afghanistan,7.163.110.209,application/mspowerpoint
438,Earl,Burke,eburkec5@squidoo.com,Mozambique,65.3.88.76,application/msword
439,Brenda,Adams,badamsc6@oaic.gov.au,Indonesia,51.81.44.133,video/x-msvideo
440,Jeffrey,Arnold,jarnoldc7@tinypic.com,Finland,49.5.113.235,audio/x-mpeg-3
441,Katherine,Schmidt,kschmidtc8@nature.com,,201.83.8.55,image/jpeg
442,Andrea,Garza,,Bahamas,213.251.172.161,image/gif
443,Henry,Thomas,hthomasca@squarespace.com,Indonesia,6.71.184.81,application/mspowerpoint
444,Melissa,Smith,msmithcb@discuz.net,,180.89.253.162,text/plain
445,Doris,Hunter,dhuntercc@163.com,Panama,193.89.234.214,application/excel
446,Robert,Carroll,rcarrollcd@imgur.com,Bosnia and Herzegovina,42.131.68.234,image/x-tiff
447,Donna,White,,Vietnam,61.207.27.96,application/vnd.ms-excel
448,Henry,Alvarez,halvarezcf@chronoengine.com,Italy,195.160.170.54,application/x-troff-msvideo
449,Matthew,Clark,mclarkcg@netscape.com,Portugal,138.202.111.251,application/x-mspowerpoint
450,Jonathan,Schmidt,jschmidtch@wiley.com,Portugal,175.74.39.204,image/jpeg
451,Wanda,Coleman,wcolemanci@hugedomains.com,,87.37.100.60,application/excel
452,Gary,Anderson,gandersoncj@virginia.edu,Malta,69.81.118.189,text/plain
453,Roger,Cook,rcookck@example.com,Mali,49.206.35.138,application/vnd.ms-powerpoint
454,Louise,Foster,lfostercl@wired.com,Philippines,159.48.143.116,video/mpeg
455,Nicole,Hanson,nhansoncm@multiply.com,Philippines,130.188.114.149,video/mpeg
456,Jerry,Dean,jdeancn@ox.ac.uk,Malaysia,225.169.63.168,application/vnd.ms-excel
457,Martha,Mendoza,mmendozaco@whitehouse.gov,,172.27.204.28,image/tiff
458,Justin,Day,jdaycp@meetup.com,Norway,114.58.20.118,video/msvideo
459,Louise,Brooks,lbrookscq@ezinearticles.com,Sweden,69.250.9.151,audio/x-mpeg-3
460,Steven,Diaz,sdiazcr@skyrock.com,Swaziland,52.45.67.13,application/x-troff-msvideo
461,Daniel,Burke,dburkecs@technorati.com,Thailand,108.62.203.145,video/avi
462,Russell,Porter,rporterct@vistaprint.com,Indonesia,81.73.21.242,image/tiff
463,Kevin,Matthews,kmatthewscu@arizona.edu,Poland,197.29.210.32,application/x-excel
464,Terry,Morgan,tmorgancv@feedburner.com,China,231.29.241.65,application/msword
465,Rachel,Fields,rfieldscw@biglobe.ne.jp,Bosnia and Herzegovina,57.46.28.119,application/powerpoint
466,Harold,Hart,hhartcx@angelfire.com,Russia,194.9.168.183,text/plain
467,Kelly,Bell,kbellcy@networksolutions.com,Russia,194.82.243.8,application/vnd.ms-excel
468,Ralph,Cox,rcoxcz@multiply.com,Gabon,19.82.236.187,application/x-msexcel
469,Norma,Payne,npayned0@simplemachines.org,Ivory Coast,228.88.54.184,application/x-mspowerpoint
470,Annie,Cruz,acruzd1@tripadvisor.com,,229.52.26.78,video/x-msvideo
471,Linda,Young,lyoungd2@wordpress.com,Iceland,148.139.53.163,video/msvideo
472,Kevin,Olson,kolsond3@washingtonpost.com,Indonesia,65.65.4.45,video/x-mpeg
473,Jeffrey,Mendoza,jmendozad4@fastcompany.com,Portugal,205.23.166.216,application/powerpoint
474,Pamela,Bishop,pbishopd5@tripod.com,Mongolia,117.139.111.1,image/gif
475,Deborah,Gutierrez,dgutierrezd6@clickbank.net,China,254.25.215.49,video/msvideo
476,Keith,Robinson,krobinsond7@jiathis.com,,102.253.160.26,image/tiff
477,Thomas,Ryan,tryand8@rakuten.co.jp,Ukraine,136.109.96.91,application/x-excel
478,Christina,Owens,cowensd9@epa.gov,Poland,139.242.135.237,application/x-excel
479,Russell,Chavez,rchavezda@ucsd.edu,Spain,203.242.34.14,video/mpeg
480,Jason,Burns,jburnsdb@nih.gov,Poland,70.160.9.80,text/plain
481,David,Hicks,dhicksdc@wufoo.com,Botswana,133.197.9.239,application/pdf
482,Louise,Coleman,lcolemandd@ustream.tv,Portugal,234.153.166.96,application/vnd.ms-powerpoint
483,Carol,Howell,chowellde@clickbank.net,Brazil,251.175.84.184,application/x-msexcel
484,John,Patterson,jpattersondf@wordpress.com,Bangladesh,241.156.52.138,application/vnd.ms-powerpoint
485,Martha,Williamson,,Indonesia,163.250.247.212,video/msvideo
486,Robin,Watson,rwatsondh@unesco.org,United States,43.92.172.108,application/x-excel
487,Donna,Simmons,dsimmonsdi@nymag.com,,175.52.241.180,video/avi
488,Donald,Cruz,dcruzdj@dot.gov,Slovenia,139.183.76.136,image/gif
489,Ruby,Grant,rgrantdk@liveinternet.ru,China,236.18.84.160,video/x-mpeg
490,Bruce,Daniels,bdanielsdl@i2i.jp,Malawi,183.211.185.1,video/mpeg
491,Doris,Phillips,dphillipsdm@netvibes.com,China,77.12.207.32,application/x-excel
492,John,Sanchez,jsanchezdn@loc.gov,Indonesia,92.73.6.138,application/x-mspowerpoint
493,Annie,Freeman,afreemando@usnews.com,Indonesia,58.49.94.234,text/plain
494,Craig,Cooper,ccooperdp@nsw.gov.au,Philippines,160.66.193.63,application/x-mspowerpoint
495,Eugene,Mason,emasondq@sfgate.com,Sweden,135.139.211.1,image/png
496,Nicole,Torres,ntorresdr@guardian.co.uk,Poland,115.231.127.212,application/excel
497,Charles,Mcdonald,cmcdonaldds@example.com,Russia,92.240.153.129,video/x-msvideo
498,Barbara,Barnes,bbarnesdt@usatoday.com,North Korea,186.240.88.71,image/gif
499,Carlos,Myers,cmyersdu@nationalgeographic.com,Indonesia,79.178.6.236,image/jpeg
500,Catherine,Kelly,ckellydv@woothemes.com,Ireland,199.42.110.84,video/mpeg
501,Theresa,Simmons,tsimmonsdw@nba.com,Indonesia,28.189.118.80,video/avi
502,Kimberly,Hill,,Brazil,30.28.77.33,audio/mpeg3
503,Ashley,Richardson,arichardsondy@dagondesign.com,Tunisia,10.116.51.167,application/x-msexcel
504,Todd,Castillo,tcastillodz@shop-pro.jp,China,25.8.110.60,application/x-troff-msvideo
505,Michelle,Hanson,mhansone0@sfgate.com,,149.14.30.55,application/x-excel
506,Helen,Lane,hlanee1@ihg.com,,39.232.30.247,video/mpeg
507,Donald,Matthews,dmatthewse2@i2i.jp,Philippines,13.137.180.114,video/mpeg
508,Michael,Frazier,mfraziere3@mediafire.com,Slovenia,149.196.207.119,application/vnd.ms-powerpoint
509,Tina,Fox,tfoxe4@mail.ru,,104.53.110.4,application/vnd.ms-powerpoint
510,Shirley,Patterson,spattersone5@acquirethisname.com,,195.8.244.161,video/msvideo
511,Ryan,Hudson,,United States,88.1.200.201,video/mpeg
512,Janet,Banks,jbankse7@yelp.com,Malaysia,54.91.230.77,application/excel
513,Norma,Anderson,nandersone8@360.cn,Georgia,177.187.41.210,video/quicktime
514,Janet,Powell,jpowelle9@yale.edu,Nigeria,233.230.247.240,application/x-troff-msvideo
515,John,Bradley,jbradleyea@arizona.edu,Poland,186.47.104.226,video/quicktime
516,Tammy,Bryant,tbryanteb@si.edu,China,170.20.235.34,application/x-msexcel
517,Carol,Fuller,cfullerec@google.it,Indonesia,185.175.19.170,application/vnd.ms-excel
518,Bruce,Dean,bdeaned@nps.gov,Peru,99.241.251.253,application/vnd.ms-excel
519,Elizabeth,Perkins,eperkinsee@imgur.com,,64.0.207.130,application/msword
520,Beverly,Diaz,bdiazef@ask.com,Portugal,129.17.136.142,application/vnd.ms-excel
521,Susan,Carr,scarreg@washingtonpost.com,United States,245.141.141.187,application/x-troff-msvideo
522,Samuel,Harvey,sharveyeh@reference.com,Ecuador,41.92.90.172,application/x-msexcel
523,Jose,Watkins,jwatkinsei@shinystat.com,Colombia,132.31.124.123,application/msword
524,Beverly,Barnes,bbarnesej@weebly.com,Brazil,207.239.233.178,image/png
525,David,Morris,dmorrisek@twitpic.com,Argentina,23.249.136.215,video/mpeg
526,Kathy,Brown,kbrownel@walmart.com,China,238.173.243.112,audio/mpeg3
527,Antonio,Gray,agrayem@hud.gov,Greece,103.52.146.149,application/x-mspowerpoint
528,Teresa,Olson,tolsonen@go.com,Peru,247.148.76.177,audio/x-mpeg-3
529,Phillip,Adams,,Indonesia,109.140.53.43,application/x-msexcel
530,Andrew,Morales,,China,88.162.128.21,application/x-excel
531,Harry,Duncan,hduncaneq@engadget.com,China,167.141.129.214,audio/x-mpeg-3
532,Tina,Perkins,tperkinser@bizjournals.com,Philippines,187.52.40.82,application/x-excel
533,Jack,Johnson,jjohnsones@goodreads.com,Vietnam,55.241.115.249,application/x-excel
534,Julia,Foster,jfosteret@unblog.fr,Japan,32.120.165.27,video/mpeg
535,Martin,Wells,mwellseu@dailymail.co.uk,Indonesia,76.102.105.233,application/x-mspowerpoint
536,Jessica,Chavez,jchavezev@ifeng.com,Mexico,104.163.21.73,video/quicktime
537,Peter,Rodriguez,prodriguezew@cam.ac.uk,Jamaica,155.212.29.233,image/gif
538,Denise,Gardner,dgardnerex@unesco.org,Indonesia,255.205.205.14,video/quicktime
539,Helen,Dean,hdeaney@umn.edu,Russia,171.127.253.246,application/mspowerpoint
540,William,Hunt,whuntez@cdc.gov,Cuba,246.131.247.14,application/x-excel
541,Virginia,Perkins,vperkinsf0@cisco.com,China,14.254.204.28,application/msword
542,Emily,Simpson,esimpsonf1@jalbum.net,Portugal,73.224.11.77,image/png
543,Phillip,Hill,phillf2@wikimedia.org,Indonesia,150.49.21.122,video/msvideo
544,Maria,Garrett,mgarrettf3@loc.gov,Sweden,158.205.40.183,video/mpeg
545,Harold,Collins,hcollinsf4@t-online.de,Poland,252.32.118.22,image/png
546,Jose,Grant,jgrantf5@1688.com,Sri Lanka,202.88.18.31,image/gif
547,Phyllis,Berry,pberryf6@behance.net,United States,109.226.30.182,video/x-mpeg
548,Beverly,Hicks,bhicksf7@devhub.com,,95.15.63.216,application/vnd.ms-powerpoint
549,Jacqueline,Taylor,jtaylorf8@wikimedia.org,France,71.19.177.50,application/powerpoint
550,Irene,Kelly,ikellyf9@virginia.edu,Ukraine,219.122.145.214,audio/x-mpeg-3
551,Gerald,Miller,gmillerfa@va.gov,,9.212.25.77,image/png
552,Christopher,Simmons,csimmonsfb@comcast.net,Poland,47.182.59.198,image/gif
553,Billy,Collins,bcollinsfc@netlog.com,Russia,255.190.187.195,video/quicktime
554,George,Medina,gmedinafd@slideshare.net,China,14.6.159.126,application/mspowerpoint
555,Karen,Ross,krossfe@illinois.edu,Mongolia,188.213.251.223,image/tiff
556,Amanda,Harper,,Czech Republic,151.63.119.79,application/x-excel
557,Kenneth,Simmons,ksimmonsfg@shutterfly.com,Indonesia,200.228.32.72,video/x-mpeg
558,Virginia,Coleman,vcolemanfh@google.com,Greece,26.118.118.23,application/excel
559,Barbara,Williamson,bwilliamsonfi@skype.com,,107.80.12.98,video/mpeg
560,Kathleen,Mendoza,kmendozafj@zdnet.com,Indonesia,236.245.195.206,application/powerpoint
561,Billy,Murphy,bmurphyfk@mit.edu,Panama,198.45.106.166,image/png
562,Shawn,Jacobs,sjacobsfl@vkontakte.ru,Greece,231.32.182.165,application/x-troff-msvideo
563,Frank,Powell,fpowellfm@bloglovin.com,Greece,172.221.225.231,application/msword
564,Philip,Rose,prosefn@slate.com,Paraguay,110.155.109.22,application/x-msexcel
565,Bonnie,Alexander,balexanderfo@miitbeian.gov.cn,Colombia,247.37.161.28,application/x-mspowerpoint
566,Debra,Price,dpricefp@wufoo.com,Philippines,54.118.138.244,application/vnd.ms-excel
567,Lisa,Foster,lfosterfq@who.int,Sweden,152.10.2.30,application/powerpoint
568,Douglas,Gutierrez,dgutierrezfr@blogspot.com,Madagascar,163.93.139.222,audio/x-mpeg-3
569,Mildred,Gilbert,mgilbertfs@ca.gov,United States,45.155.41.213,image/gif
570,Wanda,Stone,wstoneft@un.org,China,199.139.214.239,application/mspowerpoint
571,Justin,Hudson,jhudsonfu@mapy.cz,China,111.0.103.221,application/x-excel
572,Diane,Torres,dtorresfv@huffingtonpost.com,Croatia,133.234.148.213,application/x-msexcel
573,Joyce,Crawford,jcrawfordfw@addtoany.com,,229.129.54.195,video/avi
574,James,Hernandez,jhernandezfx@i2i.jp,Dominican Republic,224.52.145.235,application/vnd.ms-powerpoint
575,Brandon,Wagner,bwagnerfy@newyorker.com,Portugal,203.138.49.59,text/plain
576,Jean,Bryant,jbryantfz@army.mil,Belarus,40.206.106.229,application/x-troff-msvideo
577,Daniel,Dixon,ddixong0@comcast.net,China,118.68.190.46,video/msvideo
578,Kevin,Smith,ksmithg1@friendfeed.com,Russia,149.82.151.38,application/vnd.ms-excel
579,Julie,Walker,jwalkerg2@bigcartel.com,Ireland,177.224.237.0,video/msvideo
580,Kathleen,Bell,kbellg3@fc2.com,Philippines,211.246.146.32,application/mspowerpoint
581,Carol,Austin,causting4@hhs.gov,Indonesia,3.225.14.250,application/powerpoint
582,Gary,Perkins,gperkinsg5@oaic.gov.au,Belarus,112.1.102.91,video/mpeg
583,Wanda,Reynolds,wreynoldsg6@ibm.com,Afghanistan,132.109.45.5,application/x-msexcel
584,Cheryl,Owens,cowensg7@nationalgeographic.com,Denmark,52.171.127.4,audio/x-mpeg-3
585,Mark,Chapman,mchapmang8@vimeo.com,Vietnam,173.181.205.143,application/x-excel
586,Steven,Ramos,sramosg9@wired.com,Poland,238.228.18.53,application/x-mspowerpoint
587,Peter,Murray,pmurrayga@cornell.edu,,155.109.222.52,video/mpeg
588,Martin,Willis,mwillisgb@wufoo.com,Russia,117.139.160.5,image/tiff
589,Lisa,Kelley,lkelleygc@imdb.com,,192.22.77.206,application/pdf
590,Kimberly,Romero,kromerogd@nature.com,Philippines,240.172.151.43,application/pdf
591,Anthony,Hall,ahallge@microsoft.com,Russia,136.225.101.71,application/pdf
592,Sean,Collins,scollinsgf@wikimedia.org,Serbia,27.163.6.20,image/x-tiff
593,Debra,Watson,dwatsongg@craigslist.org,China,56.199.99.121,application/vnd.ms-excel
594,Douglas,Ross,drossgh@g.co,Indonesia,200.166.99.69,video/x-msvideo
595,Donald,Porter,dportergi@xinhuanet.com,Russia,236.170.139.84,video/mpeg
596,David,Brown,dbrowngj@ox.ac.uk,,6.216.242.59,application/x-mspowerpoint
597,Julia,Phillips,jphillipsgk@lycos.com,Peru,44.121.139.104,application/vnd.ms-powerpoint
598,Earl,Hamilton,,Guatemala,159.52.53.77,audio/x-mpeg-3
599,Anna,Castillo,acastillogm@trellian.com,Brazil,164.48.168.170,video/msvideo
600,Kevin,Hernandez,khernandezgn@geocities.jp,,110.174.48.60,application/x-msexcel
601,Nicole,Allen,nallengo@etsy.com,Poland,90.241.239.195,application/x-excel
602,Jeffrey,Alexander,jalexandergp@icio.us,China,78.33.155.79,image/jpeg
603,Carlos,Allen,callengq@google.ru,Russia,133.168.110.226,image/jpeg
604,Mary,Daniels,mdanielsgr@mashable.com,China,139.206.85.0,application/vnd.ms-powerpoint
605,Deborah,Harper,dharpergs@ebay.co.uk,Russia,168.71.87.67,text/plain
606,Frances,Owens,fowensgt@microsoft.com,Ethiopia,181.8.8.159,video/msvideo
607,Alan,Simmons,asimmonsgu@howstuffworks.com,,18.229.152.61,application/x-mspowerpoint
608,Victor,Nelson,vnelsongv@wikimedia.org,Myanmar,68.15.62.66,application/x-mspowerpoint
609,Joseph,Evans,jevansgw@arizona.edu,China,135.6.124.254,application/pdf
610,Jonathan,Martinez,jmartinezgx@oakley.com,Ukraine,223.137.238.168,application/msword
611,Roy,Woods,rwoodsgy@wisc.edu,Japan,255.176.228.215,audio/mpeg3
612,Frank,Lane,flanegz@unblog.fr,Indonesia,82.61.145.171,application/vnd.ms-powerpoint
613,Angela,Boyd,aboydh0@issuu.com,France,48.218.28.116,image/gif
614,Wanda,Fisher,wfisherh1@nydailynews.com,Thailand,200.198.65.215,application/mspowerpoint
615,Barbara,Lynch,blynchh2@purevolume.com,Ukraine,88.195.88.137,application/vnd.ms-excel
616,Cynthia,Austin,,Saudi Arabia,112.85.137.201,application/excel
617,Christina,Williams,cwilliamsh4@sogou.com,Greece,41.187.71.74,video/avi
618,Willie,Graham,wgrahamh5@hud.gov,Ghana,136.217.144.194,video/x-msvideo
619,Margaret,Ellis,mellish6@cam.ac.uk,Poland,109.142.119.229,application/mspowerpoint
620,Steve,Willis,swillish7@aol.com,China,214.138.232.228,text/plain
621,Joyce,Mendoza,jmendozah8@1und1.de,Indonesia,84.235.231.132,video/avi
622,Dennis,Greene,dgreeneh9@blogspot.com,China,40.199.122.202,application/x-troff-msvideo
623,Nancy,Cunningham,ncunninghamha@godaddy.com,China,215.25.157.5,image/gif
624,Nicholas,Jacobs,njacobshb@devhub.com,,101.41.124.232,application/vnd.ms-powerpoint
625,Mark,Stone,mstonehc@auda.org.au,United States,181.196.93.151,image/png
626,Peter,Griffin,pgriffinhd@nytimes.com,Indonesia,19.151.173.86,video/quicktime
627,Albert,Montgomery,amontgomeryhe@harvard.edu,Norway,219.175.114.207,image/png
628,Heather,Parker,hparkerhf@gov.uk,Russia,100.173.141.19,image/pjpeg
629,Anna,Allen,aallenhg@arizona.edu,Nicaragua,201.99.207.131,audio/x-mpeg-3
630,Nancy,Holmes,nholmeshh@soundcloud.com,Venezuela,53.253.122.114,video/mpeg
631,Christine,Coleman,ccolemanhi@fc2.com,Russia,158.115.54.85,application/excel
632,Bruce,Garcia,bgarciahj@ucla.edu,,2.237.170.70,image/pjpeg
633,Rose,Mills,rmillshk@wired.com,Czech Republic,57.0.189.48,video/x-mpeg
634,Anna,Clark,aclarkhl@earthlink.net,Brazil,63.190.155.20,image/pjpeg
635,Margaret,Nguyen,,Venezuela,123.1.82.249,video/quicktime
636,Ashley,Gonzalez,agonzalezhn@skype.com,Syria,205.69.169.85,image/png
637,Samuel,Wright,swrightho@illinois.edu,Malaysia,135.201.121.248,image/tiff
638,Charles,Spencer,cspencerhp@smh.com.au,China,243.124.120.253,video/mpeg
639,Kimberly,Harper,kharperhq@godaddy.com,Indonesia,247.113.113.236,video/quicktime
640,Steve,Boyd,sboydhr@cafepress.com,China,39.47.87.39,application/x-msexcel
641,Willie,Gordon,wgordonhs@smh.com.au,Hong Kong,139.34.21.34,image/jpeg
642,Steven,Rose,sroseht@smh.com.au,Indonesia,143.50.149.199,application/pdf
643,Debra,Owens,dowenshu@businessinsider.com,Philippines,29.105.202.29,video/x-msvideo
644,Kathleen,Mendoza,kmendozahv@time.com,Russia,41.107.19.26,audio/x-mpeg-3
645,Harry,Chavez,hchavezhw@yelp.com,Indonesia,200.246.113.64,text/plain
646,Kathryn,Lewis,klewishx@vk.com,China,202.160.192.56,audio/mpeg3
647,Elizabeth,Matthews,ematthewshy@boston.com,Gambia,32.167.124.30,video/x-msvideo
648,Diana,Foster,dfosterhz@nydailynews.com,Japan,159.101.217.157,application/x-mspowerpoint
649,Jeremy,Ferguson,jfergusoni0@yahoo.com,Colombia,144.158.248.76,video/x-msvideo
650,Annie,Wheeler,awheeleri1@hugedomains.com,Poland,219.54.100.238,video/quicktime
651,Albert,Young,ayoungi2@cargocollective.com,China,157.82.114.9,application/pdf
652,Richard,Thompson,,Philippines,14.117.197.155,application/powerpoint
653,Laura,Kelley,lkelleyi4@csmonitor.com,Malta,49.76.107.4,application/msword
654,Keith,Riley,krileyi5@google.co.jp,Denmark,144.102.63.208,video/mpeg
655,Carolyn,Peterson,cpetersoni6@yolasite.com,Russia,135.196.147.146,application/x-mspowerpoint
656,Wanda,Stewart,wstewarti7@disqus.com,China,138.38.207.41,video/mpeg
657,Joan,Watkins,jwatkinsi8@spotify.com,Poland,226.92.12.180,text/plain
658,Patrick,Perkins,pperkinsi9@stanford.edu,Bosnia and Herzegovina,74.108.228.88,video/mpeg
659,James,Webb,jwebbia@multiply.com,Japan,197.98.58.107,text/plain
660,Sean,Daniels,,China,58.206.192.49,application/pdf
661,Randy,Meyer,rmeyeric@shop-pro.jp,Czech Republic,130.182.36.99,audio/x-mpeg-3
662,Cynthia,Castillo,ccastilloid@dell.com,Sweden,175.155.127.228,video/msvideo
663,Stephanie,Stanley,sstanleyie@noaa.gov,Guatemala,29.86.181.111,video/mpeg
664,Juan,Hill,jhillif@amazon.de,Azerbaijan,71.89.252.25,video/avi
665,Jeremy,Myers,jmyersig@furl.net,,113.186.18.170,image/jpeg
666,Phillip,Webb,pwebbih@about.com,Ivory Coast,87.252.254.6,video/mpeg
667,Kevin,Russell,krussellii@free.fr,,241.22.144.134,image/jpeg
668,Gloria,Kennedy,gkennedyij@de.vu,Ethiopia,109.82.13.106,application/x-msexcel
669,Wayne,Tucker,wtuckerik@reuters.com,China,61.144.171.90,image/tiff
670,Albert,Fowler,,Albania,184.241.120.115,application/mspowerpoint
671,Joe,Woods,jwoodsim@answers.com,,138.5.194.55,video/x-mpeg
672,Nancy,Morrison,nmorrisonin@mashable.com,Jordan,167.153.146.10,image/png
673,Louis,Cooper,lcooperio@cornell.edu,Slovenia,184.193.96.43,application/excel
674,Maria,Moore,mmooreip@ocn.ne.jp,Madagascar,115.141.160.246,application/excel
675,Joshua,Nichols,jnicholsiq@youtube.com,United States,231.197.249.135,application/pdf
676,Daniel,Green,dgreenir@dyndns.org,Dominica,185.13.123.82,application/excel
677,Anthony,Wood,awoodis@hibu.com,Brazil,145.197.230.210,image/png
678,Randy,Williams,rwilliamsit@ft.com,Brazil,132.46.163.104,audio/mpeg3
679,Ann,Mccoy,amccoyiu@goo.gl,Pakistan,106.94.237.61,video/msvideo
680,Tammy,Burke,tburkeiv@intel.com,China,96.3.26.178,video/quicktime
681,Terry,Green,tgreeniw@seattletimes.com,Sweden,196.163.186.238,application/powerpoint
682,Marie,Ward,mwardix@moonfruit.com,China,21.86.101.71,audio/x-mpeg-3
683,Barbara,Lewis,blewisiy@mozilla.com,Pakistan,76.186.203.67,text/plain
684,Barbara,Powell,bpowelliz@odnoklassniki.ru,Poland,178.21.55.243,application/x-troff-msvideo
685,Frances,Burton,fburtonj0@youtube.com,Brazil,50.70.1.239,video/avi
686,Joseph,Dean,jdeanj1@ocn.ne.jp,China,165.115.99.76,application/vnd.ms-powerpoint
687,Mark,Berry,mberryj2@woothemes.com,Panama,23.24.199.14,application/vnd.ms-excel
688,Irene,Fisher,ifisherj3@cpanel.net,United Arab Emirates,136.2.169.19,image/jpeg
689,Ralph,Oliver,roliverj4@yelp.com,Japan,202.147.186.181,application/powerpoint
690,Martin,Coleman,mcolemanj5@pcworld.com,Portugal,10.11.37.246,image/tiff
691,Lawrence,Fisher,lfisherj6@bloglovin.com,South Africa,20.149.114.242,audio/x-mpeg-3
692,Michael,Mendoza,,Colombia,117.235.213.121,text/plain
693,Martin,Jones,mjonesj8@shinystat.com,Norway,195.25.14.116,image/x-tiff
694,Ronald,Banks,rbanksj9@discuz.net,Indonesia,43.17.228.202,application/excel
695,Laura,Cook,lcookja@state.gov,Zambia,8.18.75.235,video/mpeg
696,Ernest,Baker,ebakerjb@smh.com.au,,206.209.217.20,image/pjpeg
697,Kathryn,Ross,krossjc@bloglines.com,Russia,211.139.109.25,image/jpeg
698,Ann,Mills,amillsjd@cbc.ca,Macedonia,174.225.137.59,application/x-troff-msvideo
699,Carlos,Elliott,celliottje@freewebs.com,Indonesia,186.150.53.22,application/msword
700,Roy,Watson,rwatsonjf@slashdot.org,China,118.98.21.129,video/mpeg
701,Joe,Murphy,jmurphyjg@chicagotribune.com,Brazil,22.167.252.167,application/x-troff-msvideo
702,Rachel,Howell,rhowelljh@hibu.com,Albania,237.42.3.89,video/avi
703,Billy,Bishop,bbishopji@surveymonkey.com,,193.23.71.60,application/x-mspowerpoint
704,Alice,Andrews,aandrewsjj@netscape.com,Tunisia,20.205.176.116,application/x-excel
705,Gregory,Meyer,gmeyerjk@mac.com,Philippines,40.20.105.181,audio/mpeg3
706,Carol,Wallace,cwallacejl@cdbaby.com,Greece,92.2.175.180,audio/mpeg3
707,Wanda,Morales,wmoralesjm@bigcartel.com,Russia,13.218.25.251,image/pjpeg
708,Carolyn,Lynch,clynchjn@sun.com,United States,144.250.87.188,image/tiff
709,Kevin,Roberts,,China,125.55.105.32,video/avi
710,Norma,Stone,nstonejp@google.cn,Brazil,157.159.141.135,video/mpeg
711,Teresa,Castillo,tcastillojq@nba.com,China,162.68.166.119,application/mspowerpoint
712,Nicole,Martinez,nmartinezjr@stumbleupon.com,,128.15.34.25,text/plain
713,Roger,Black,rblackjs@ucoz.com,Thailand,153.98.4.1,application/x-mspowerpoint
714,Jeremy,Warren,jwarrenjt@printfriendly.com,Finland,185.114.156.19,application/x-mspowerpoint
715,Sara,Young,syoungju@nasa.gov,Russia,216.248.22.91,video/x-mpeg
716,Sara,Johnson,,Sweden,33.29.186.245,audio/x-mpeg-3
717,Brandon,Mendoza,bmendozajw@dagondesign.com,,37.15.126.194,image/jpeg
718,Mary,Kennedy,mkennedyjx@shutterfly.com,Netherlands,83.230.124.249,text/plain
719,Theresa,Perez,tperezjy@cargocollective.com,Indonesia,190.206.181.56,video/avi
720,Lillian,Baker,lbakerjz@rediff.com,Indonesia,130.58.153.144,video/x-msvideo
721,Sara,Palmer,spalmerk0@live.com,Indonesia,30.110.34.93,video/mpeg
722,Matthew,Morris,mmorrisk1@wufoo.com,China,158.249.215.193,text/plain
723,Henry,Welch,hwelchk2@independent.co.uk,Colombia,32.231.56.141,image/x-tiff
724,Joan,Holmes,jholmesk3@photobucket.com,Indonesia,72.216.23.73,image/png
725,Brandon,Knight,bknightk4@wsj.com,,38.57.135.134,audio/mpeg3
726,Nicole,Simpson,nsimpsonk5@blogspot.com,Greece,230.222.149.183,audio/x-mpeg-3
727,Diane,Rice,dricek6@aboutads.info,Peru,102.150.206.47,application/pdf
728,Terry,Elliott,telliottk7@google.co.jp,Slovenia,40.235.122.127,text/plain
729,Stephanie,Chapman,schapmank8@pcworld.com,Philippines,189.53.101.6,video/x-msvideo
730,Sara,Martin,smartink9@people.com.cn,Philippines,157.90.223.214,application/mspowerpoint
731,Pamela,Miller,pmillerka@chicagotribune.com,Portugal,168.29.59.79,video/x-msvideo
732,Michael,Cunningham,mcunninghamkb@ucoz.ru,China,228.207.106.153,text/plain
733,Joan,Bell,jbellkc@utexas.edu,China,50.141.15.210,video/x-mpeg
734,Andrea,Hernandez,ahernandezkd@state.tx.us,Russia,133.73.43.46,application/vnd.ms-excel
735,Andrea,Carroll,acarrollke@usa.gov,China,54.250.187.227,video/x-mpeg
736,Benjamin,Watkins,bwatkinskf@icq.com,,34.11.179.142,video/mpeg
737,Norma,Hawkins,nhawkinskg@tuttocitta.it,,6.227.77.56,video/mpeg
738,Carolyn,Cruz,ccruzkh@techcrunch.com,,183.194.102.130,audio/x-mpeg-3
739,Eric,Brooks,ebrookski@netvibes.com,Sweden,39.27.247.228,image/tiff
740,Phyllis,Rice,pricekj@liveinternet.ru,Indonesia,210.211.252.91,application/mspowerpoint
741,Laura,Lawrence,llawrencekk@infoseek.co.jp,United States,127.162.121.252,video/quicktime
742,Russell,Morales,rmoraleskl@tmall.com,Nicaragua,152.16.157.229,application/x-excel
743,Randy,Palmer,rpalmerkm@ustream.tv,,147.175.118.255,video/x-msvideo
744,Roger,Alexander,ralexanderkn@java.com,,150.147.186.148,image/pjpeg
745,Douglas,Montgomery,dmontgomeryko@sbwire.com,,41.183.89.236,video/quicktime
746,Carolyn,Chavez,cchavezkp@scientificamerican.com,France,73.35.177.190,video/mpeg
747,Ashley,Watkins,awatkinskq@apache.org,United States,38.90.98.0,application/mspowerpoint
748,Anthony,Alvarez,,United States,40.23.244.143,application/mspowerpoint
749,Bruce,Andrews,bandrewsks@wunderground.com,Russia,231.23.58.29,application/mspowerpoint
750,Cynthia,Holmes,cholmeskt@vimeo.com,Philippines,13.170.201.254,application/powerpoint
751,Theresa,Thomas,tthomasku@meetup.com,Nepal,107.75.152.77,video/x-mpeg
752,Frank,Ryan,,China,87.104.43.220,application/mspowerpoint
753,Denise,Martin,dmartinkw@symantec.com,China,155.204.120.226,video/quicktime
754,Ryan,Lopez,rlopezkx@dell.com,China,174.126.247.186,image/jpeg
755,Harold,Hamilton,hhamiltonky@weather.com,Panama,51.171.221.21,application/msword
756,Jean,Foster,jfosterkz@jimdo.com,Argentina,189.24.136.22,image/x-tiff
757,Lois,Welch,lwelchl0@ucoz.com,Slovenia,152.123.140.187,application/x-mspowerpoint
758,Ernest,Peterson,epetersonl1@hostgator.com,Mexico,13.177.71.18,application/x-msexcel
759,Melissa,Diaz,mdiazl2@google.es,China,175.141.71.230,application/x-troff-msvideo
760,Richard,Hart,rhartl3@flavors.me,Argentina,103.112.104.208,application/excel
761,Laura,Price,lpricel4@smugmug.com,Indonesia,110.2.17.68,application/vnd.ms-excel
762,Benjamin,Rivera,briveral5@jimdo.com,Sweden,47.134.37.204,application/x-troff-msvideo
763,Antonio,Lynch,alynchl6@google.fr,Philippines,8.103.69.182,application/vnd.ms-excel
764,Robin,Carter,,Sweden,246.71.23.227,video/msvideo
765,Donna,Harper,dharperl8@smh.com.au,United States,43.124.33.214,application/excel
766,Harry,Russell,hrusselll9@paginegialle.it,Philippines,253.50.35.230,application/mspowerpoint
767,Doris,Burke,dburkela@ed.gov,Greece,97.1.153.110,image/png
768,Joshua,Chapman,jchapmanlb@gnu.org,China,29.221.115.222,video/mpeg
769,Charles,Owens,cowenslc@dagondesign.com,Guatemala,245.133.98.189,video/mpeg
770,Lois,Ferguson,lfergusonld@histats.com,Poland,100.252.147.41,video/mpeg
771,Lori,Foster,lfosterle@admin.ch,Brazil,192.196.166.124,application/mspowerpoint
772,Raymond,Holmes,rholmeslf@zimbio.com,Syria,179.213.13.69,video/x-mpeg
773,Barbara,Frazier,bfrazierlg@vimeo.com,Bangladesh,138.6.239.19,application/x-msexcel
774,Jimmy,Murray,jmurraylh@shareasale.com,Oman,202.42.238.20,video/x-mpeg
775,Brenda,Fernandez,bfernandezli@sogou.com,Tanzania,239.143.181.70,application/x-mspowerpoint
776,William,Peterson,wpetersonlj@google.ca,Peru,129.181.0.246,video/mpeg
777,Heather,Arnold,harnoldlk@paypal.com,Philippines,72.86.5.72,image/jpeg
778,Jason,Wells,jwellsll@facebook.com,United States,153.150.38.11,application/msword
779,Howard,Shaw,hshawlm@nature.com,Japan,120.80.33.130,application/x-excel
780,Bonnie,Parker,bparkerln@craigslist.org,China,148.91.0.239,application/vnd.ms-powerpoint
781,Carol,Webb,cwebblo@drupal.org,Sweden,131.172.7.84,application/mspowerpoint
782,Jessica,Boyd,jboydlp@discuz.net,Sweden,133.128.53.185,image/jpeg
783,Denise,Hunt,dhuntlq@wsj.com,Indonesia,138.225.222.41,image/gif
784,Phillip,Sanders,psanderslr@networksolutions.com,China,156.182.244.103,audio/x-mpeg-3
785,Laura,Anderson,landersonls@senate.gov,Russia,5.56.55.120,application/x-excel
786,Melissa,Boyd,mboydlt@godaddy.com,East Timor,128.59.145.251,application/powerpoint
787,Adam,Carr,acarrlu@weebly.com,Nicaragua,167.42.207.254,image/x-tiff
788,Judy,Patterson,jpattersonlv@whitehouse.gov,Pakistan,126.139.123.253,image/png
789,Jimmy,Duncan,jduncanlw@icq.com,Spain,104.132.17.179,image/tiff
790,Antonio,Ray,araylx@sciencedirect.com,Sweden,149.163.167.142,image/gif
791,Teresa,Rose,trosely@oracle.com,France,136.183.99.115,application/vnd.ms-excel
792,Earl,Duncan,eduncanlz@prlog.org,Greece,203.10.255.7,audio/mpeg3
793,Willie,Ruiz,wruizm0@google.nl,Czech Republic,5.58.56.236,application/msword
794,Anna,Elliott,aelliottm1@feedburner.com,China,20.93.45.128,application/pdf
795,Emily,Martin,emartinm2@chronoengine.com,Philippines,46.133.2.118,application/powerpoint
796,Louise,Lawrence,llawrencem3@google.co.uk,China,163.77.97.27,application/pdf
797,Jane,Gordon,jgordonm4@cloudflare.com,China,97.182.37.158,video/x-mpeg
798,Jerry,Simpson,,Sweden,131.152.235.166,text/plain
799,Harry,Mills,hmillsm6@netlog.com,China,9.36.25.224,application/msword
800,Ernest,Castillo,ecastillom7@amazon.de,China,15.71.177.39,application/x-mspowerpoint
801,Judy,Ross,jrossm8@foxnews.com,Netherlands,16.32.53.19,text/plain
802,Charles,Taylor,ctaylorm9@newyorker.com,Russia,50.79.101.94,audio/mpeg3
803,Dennis,Reyes,dreyesma@alexa.com,Colombia,82.127.123.144,application/mspowerpoint
804,Aaron,Lee,aleemb@noaa.gov,Portugal,145.55.19.53,application/msword
805,Amanda,Ward,awardmc@fema.gov,Poland,104.154.113.55,video/mpeg
806,Virginia,Fernandez,vfernandezmd@miibeian.gov.cn,Russia,177.76.41.52,application/x-troff-msvideo
807,Paul,Young,pyoungme@nps.gov,Russia,27.0.199.94,application/powerpoint
808,Louise,Gardner,lgardnermf@addthis.com,Indonesia,226.56.176.79,application/x-msexcel
809,Catherine,Johnson,cjohnsonmg@census.gov,France,169.156.213.229,image/x-tiff
810,Kelly,Murray,kmurraymh@marriott.com,Malaysia,2.105.185.228,application/msword
811,Louise,Evans,levansmi@dmoz.org,China,31.97.76.43,video/msvideo
812,Angela,Gonzalez,agonzalezmj@mlb.com,China,212.63.226.125,application/x-mspowerpoint
813,Judith,Larson,jlarsonmk@ca.gov,Indonesia,153.207.129.249,audio/x-mpeg-3
814,Russell,Peterson,rpetersonml@360.cn,Bangladesh,111.168.88.241,video/avi
815,Janet,Mitchell,jmitchellmm@mtv.com,Finland,16.198.38.150,application/vnd.ms-excel
816,Ronald,Ortiz,rortizmn@yellowbook.com,Portugal,234.152.42.81,video/mpeg
817,Shawn,Gilbert,sgilbertmo@mail.ru,China,6.198.126.234,audio/mpeg3
818,Joe,Daniels,jdanielsmp@loc.gov,Georgia,3.189.10.171,image/jpeg
819,Lois,Burke,lburkemq@techcrunch.com,,24.105.60.206,video/avi
820,Irene,Ray,iraymr@telegraph.co.uk,Indonesia,12.26.242.43,video/quicktime
821,Carolyn,Chavez,cchavezms@ebay.com,Russia,181.5.31.210,application/x-excel
822,Doris,Taylor,dtaylormt@nature.com,Indonesia,56.92.248.9,image/png
823,Ryan,Vasquez,rvasquezmu@goodreads.com,Indonesia,135.240.169.190,text/plain
824,Lillian,Harper,lharpermv@census.gov,Bosnia and Herzegovina,160.51.187.114,application/vnd.ms-excel
825,Jean,Evans,jevansmw@europa.eu,Malaysia,116.144.31.136,application/mspowerpoint
826,Frank,Watkins,fwatkinsmx@pen.io,Russia,168.69.112.40,image/x-tiff
827,Carol,Hunter,,Greece,30.165.177.62,video/quicktime
828,Timothy,Grant,,Russia,127.214.106.89,application/vnd.ms-excel
829,Wanda,Ortiz,wortizn0@virginia.edu,Sweden,76.40.13.23,image/tiff
830,Jean,Jones,jjonesn1@mediafire.com,China,232.80.110.94,application/excel
831,Amanda,Alvarez,aalvarezn2@usatoday.com,China,178.29.31.191,video/x-msvideo
832,Anthony,Rose,arosen3@smugmug.com,Panama,7.79.176.145,image/gif
833,Donald,Reid,dreidn4@instagram.com,Venezuela,205.180.164.24,image/jpeg
834,Randy,Cole,rcolen5@statcounter.com,Russia,18.224.254.198,application/x-msexcel
835,Judith,Riley,jrileyn6@samsung.com,France,160.102.45.1,application/vnd.ms-powerpoint
836,Peter,Morris,pmorrisn7@statcounter.com,,0.143.159.210,application/excel
837,Douglas,Evans,devansn8@cbc.ca,Indonesia,237.253.115.58,application/x-mspowerpoint
838,Kevin,Franklin,kfranklinn9@thetimes.co.uk,Botswana,20.73.204.245,application/mspowerpoint
839,Alice,Wheeler,awheelerna@patch.com,Indonesia,32.208.146.134,audio/mpeg3
840,Doris,Morgan,dmorgannb@jalbum.net,Indonesia,137.70.148.64,video/x-msvideo
841,Jennifer,Bishop,jbishopnc@hexun.com,,73.214.116.233,video/mpeg
842,Ashley,Diaz,adiaznd@over-blog.com,Japan,199.222.121.246,image/png
843,Keith,Clark,kclarkne@smugmug.com,Indonesia,137.42.189.120,application/vnd.ms-excel
844,Doris,Perry,dperrynf@oakley.com,Mexico,187.15.151.203,video/mpeg
845,Jimmy,Ramirez,jramirezng@alibaba.com,Chile,95.53.31.248,application/x-msexcel
846,Donald,Elliott,delliottnh@home.pl,,14.33.229.50,application/x-mspowerpoint
847,Nancy,Patterson,npattersonni@mlb.com,French Polynesia,148.176.225.66,image/x-tiff
848,Nicholas,Fowler,nfowlernj@lycos.com,Czech Republic,69.14.18.26,application/x-excel
849,Louise,Bailey,lbaileynk@google.com.au,Poland,251.58.55.52,video/msvideo
850,Ashley,Wallace,awallacenl@paypal.com,Poland,39.113.126.45,image/pjpeg
851,Russell,White,rwhitenm@paypal.com,Philippines,6.178.72.58,image/gif
852,Betty,Gutierrez,bgutierreznn@tmall.com,Argentina,178.196.109.114,image/pjpeg
853,Charles,Ramirez,cramirezno@bbc.co.uk,,231.24.137.102,application/msword
854,Patricia,Gonzales,pgonzalesnp@tripod.com,Argentina,73.205.97.13,application/vnd.ms-powerpoint
855,Kelly,Hawkins,khawkinsnq@nbcnews.com,Afghanistan,180.235.120.188,video/x-mpeg
856,Teresa,Stone,tstonenr@t-online.de,China,219.152.198.212,application/msword
857,Dennis,Hansen,dhansenns@aboutads.info,,207.115.43.17,application/vnd.ms-powerpoint
858,Harold,Cook,hcooknt@vistaprint.com,Dominican Republic,248.158.22.158,video/msvideo
859,Eugene,Oliver,eolivernu@virginia.edu,Paraguay,252.52.190.114,application/x-msexcel
860,Heather,Moore,hmoorenv@latimes.com,Czech Republic,135.48.74.231,application/vnd.ms-powerpoint
861,Louis,Murray,lmurraynw@so-net.ne.jp,,179.60.30.41,text/plain
862,Sharon,Coleman,scolemannx@live.com,China,94.124.36.190,application/mspowerpoint
863,Harry,Anderson,handersonny@bloomberg.com,Colombia,239.48.41.83,video/msvideo
864,Peter,Lawson,plawsonnz@trellian.com,Colombia,179.166.163.172,video/x-msvideo
865,Louise,Kelly,lkellyo0@tumblr.com,,221.14.71.89,application/powerpoint
866,James,Shaw,jshawo1@webmd.com,Norway,40.170.223.141,image/jpeg
867,Jonathan,Jones,jjoneso2@yahoo.com,Russia,233.199.249.205,application/x-mspowerpoint
868,Donna,Hansen,dhanseno3@mashable.com,Ukraine,219.79.49.145,text/plain
869,Patrick,Rogers,progerso4@sakura.ne.jp,Thailand,99.109.12.56,application/vnd.ms-powerpoint
870,Anthony,Murphy,amurphyo5@bing.com,Morocco,14.128.108.153,video/mpeg
871,Alice,Parker,aparkero6@odnoklassniki.ru,Latvia,54.236.145.162,application/x-excel
872,Irene,Perkins,iperkinso7@flickr.com,United States,152.8.133.62,image/pjpeg
873,Helen,Gomez,hgomezo8@hud.gov,Morocco,189.170.34.164,video/msvideo
874,Keith,Ford,kfordo9@cpanel.net,China,193.214.87.177,audio/mpeg3
875,Carl,Wilson,cwilsonoa@about.com,United States,94.162.185.159,image/gif
876,Denise,Graham,dgrahamob@netscape.com,Peru,157.158.184.172,application/vnd.ms-powerpoint
877,Angela,Dunn,adunnoc@unc.edu,,239.150.113.34,image/png
878,Elizabeth,Hill,,Sweden,61.168.62.44,image/tiff
879,Billy,Ward,bwardoe@redcross.org,China,31.238.48.135,video/msvideo
880,Brenda,Barnes,bbarnesof@uiuc.edu,Sweden,129.98.46.12,application/powerpoint
881,Amy,Robertson,arobertsonog@economist.com,Indonesia,30.72.70.63,image/tiff
882,Daniel,Mills,dmillsoh@artisteer.com,China,12.222.39.110,video/x-msvideo
883,Jean,Alexander,jalexanderoi@yellowbook.com,France,42.65.25.124,application/msword
884,Harry,Kim,hkimoj@cnbc.com,Comoros,223.195.2.225,image/png
885,Emily,Flores,efloresok@nih.gov,China,242.156.63.146,application/excel
886,Melissa,Owens,mowensol@fema.gov,Kuwait,198.117.125.89,application/x-mspowerpoint
887,Tina,Burton,,Chad,29.146.169.204,image/gif
888,Emily,Lynch,,,77.105.127.106,application/msword
889,Billy,Morrison,bmorrisonoo@smugmug.com,China,173.246.129.230,application/x-mspowerpoint
890,Andrea,Payne,apayneop@acquirethisname.com,Brazil,109.240.125.140,application/msword
891,Judith,Cook,jcookoq@cnet.com,China,15.81.155.13,application/vnd.ms-excel
892,Margaret,Peterson,mpetersonor@nasa.gov,Portugal,90.160.239.143,image/png
893,Ernest,Davis,,Slovenia,94.133.106.39,video/mpeg
894,Diane,Bell,dbellot@naver.com,Japan,63.213.196.19,video/x-msvideo
895,Craig,Wood,cwoodou@army.mil,Argentina,190.125.47.123,application/x-excel
896,Jack,Nichols,jnicholsov@wired.com,China,205.123.29.87,application/x-excel
897,Rose,Reid,rreidow@timesonline.co.uk,Belarus,117.182.205.53,image/jpeg
898,Ruby,Morales,rmoralesox@newyorker.com,Indonesia,147.67.77.218,application/x-troff-msvideo
899,Rose,Lane,rlaneoy@artisteer.com,Philippines,199.180.223.154,application/vnd.ms-excel
900,Steven,Reynolds,sreynoldsoz@de.vu,China,212.122.103.92,application/vnd.ms-excel
901,Jack,Ellis,jellisp0@ycombinator.com,China,205.246.233.33,application/msword
902,Christopher,Brown,cbrownp1@comsenz.com,France,8.151.3.12,application/vnd.ms-powerpoint
903,Donald,Burke,dburkep2@yelp.com,Bangladesh,138.216.151.180,video/x-mpeg
904,Jose,Wood,jwoodp3@hostgator.com,China,228.251.129.175,video/msvideo
905,Louis,Berry,lberryp4@aol.com,Indonesia,185.254.233.152,application/mspowerpoint
906,Jessica,Gomez,jgomezp5@newsvine.com,China,75.39.194.136,application/vnd.ms-excel
907,Jose,James,jjamesp6@nsw.gov.au,,239.213.46.245,video/quicktime
908,Kevin,Holmes,kholmesp7@domainmarket.com,Russia,133.96.128.131,image/x-tiff
909,Patrick,Webb,pwebbp8@fc2.com,Netherlands,62.236.225.54,application/x-msexcel
910,Scott,Powell,spowellp9@simplemachines.org,Indonesia,245.192.52.185,audio/mpeg3
911,Eugene,Patterson,,China,150.119.193.26,application/vnd.ms-excel
912,Beverly,Payne,bpaynepb@usgs.gov,China,76.166.123.183,image/pjpeg
913,Bobby,Thomas,bthomaspc@php.net,,237.123.228.51,application/mspowerpoint
914,Ann,Burns,aburnspd@mac.com,Philippines,61.168.130.112,audio/mpeg3
915,Anna,Ray,araype@parallels.com,China,203.83.115.107,application/vnd.ms-excel
916,Peter,Hill,,Brazil,16.200.253.196,image/tiff
917,Kathy,Carpenter,kcarpenterpg@woothemes.com,France,116.178.60.160,audio/mpeg3
918,Louise,Peterson,lpetersonph@google.pl,China,121.113.249.85,video/x-msvideo
919,Dennis,Knight,dknightpi@simplemachines.org,China,131.54.83.25,video/x-msvideo
920,Kimberly,Graham,kgrahampj@baidu.com,Peru,62.193.168.128,video/x-msvideo
921,Kimberly,Coleman,kcolemanpk@clickbank.net,,145.16.135.57,image/png
922,Helen,Hughes,hhughespl@arizona.edu,Indonesia,90.87.58.208,video/msvideo
923,Susan,Morrison,smorrisonpm@vistaprint.com,Russia,107.209.175.135,video/msvideo
924,Catherine,Ruiz,cruizpn@disqus.com,China,46.166.120.248,application/powerpoint
925,Catherine,Dixon,cdixonpo@ftc.gov,France,178.247.70.220,text/plain
926,Karen,Smith,ksmithpp@cnbc.com,China,31.68.249.196,application/powerpoint
927,Cheryl,Nichols,,China,182.61.14.217,application/vnd.ms-powerpoint
928,Frances,Campbell,fcampbellpr@cisco.com,Lebanon,197.231.124.47,application/x-troff-msvideo
929,Scott,George,sgeorgeps@phpbb.com,Philippines,31.190.199.46,audio/mpeg3
930,Deborah,Stone,dstonept@blinklist.com,Brazil,95.242.217.42,application/x-excel
931,Carol,Green,cgreenpu@who.int,Poland,254.186.247.241,image/jpeg
932,Carol,Stewart,cstewartpv@dedecms.com,Nigeria,153.51.22.208,application/x-mspowerpoint
933,William,Simpson,wsimpsonpw@topsy.com,China,83.187.154.11,application/x-mspowerpoint
934,Jacqueline,Coleman,jcolemanpx@ask.com,Russia,195.209.219.55,video/x-msvideo
935,Jean,Richards,jrichardspy@psu.edu,Dominican Republic,63.229.150.166,image/gif
936,Margaret,Peters,mpeterspz@jimdo.com,Egypt,72.69.152.136,application/excel
937,Sarah,Harrison,sharrisonq0@archive.org,Philippines,111.119.131.212,audio/x-mpeg-3
938,Anne,Graham,agrahamq1@un.org,Russia,207.137.54.145,image/png
939,Robert,Gibson,rgibsonq2@telegraph.co.uk,Indonesia,3.69.83.239,text/plain
940,Julie,Fuller,jfullerq3@bloomberg.com,Greece,251.42.201.76,text/plain
941,Roger,Edwards,redwardsq4@techcrunch.com,China,156.12.167.85,video/x-mpeg
942,Roy,Lynch,rlynchq5@list-manage.com,Canada,52.166.149.124,image/gif
943,Albert,Simpson,asimpsonq6@wisc.edu,Kenya,195.39.176.82,application/x-troff-msvideo
944,Brian,Williams,bwilliamsq7@weebly.com,,86.35.208.249,image/tiff
945,Brenda,Anderson,bandersonq8@friendfeed.com,Russia,194.77.80.8,audio/mpeg3
946,Nicole,Holmes,,Ukraine,155.86.123.163,video/x-mpeg
947,Richard,Fowler,rfowlerqa@prweb.com,,247.141.171.199,application/mspowerpoint
948,Juan,Carroll,jcarrollqb@patch.com,Uganda,180.47.42.172,video/msvideo
949,Catherine,Hunt,,Czech Republic,123.163.13.150,audio/x-mpeg-3
950,Diane,Lawrence,dlawrenceqd@tinyurl.com,Philippines,109.56.117.65,video/mpeg
951,James,Vasquez,jvasquezqe@stanford.edu,,173.172.172.76,audio/x-mpeg-3
952,Michael,Jackson,mjacksonqf@google.com.hk,Serbia,249.9.112.60,application/vnd.ms-powerpoint
953,Kathryn,Garrett,kgarrettqg@artisteer.com,Peru,27.190.181.241,image/x-tiff
954,Samuel,Lane,slaneqh@bluehost.com,Cameroon,205.191.192.196,application/vnd.ms-powerpoint
955,Tina,Hunt,thuntqi@nationalgeographic.com,Philippines,7.0.125.33,image/jpeg
956,Fred,Lewis,,Brazil,26.66.25.44,application/x-msexcel
957,Linda,Watson,lwatsonqk@ycombinator.com,Bulgaria,192.225.98.201,image/pjpeg
958,Ann,Olson,,Philippines,223.140.159.45,image/x-tiff
959,Kelly,Reed,,Indonesia,60.7.79.243,application/pdf
960,Sara,Hunt,shuntqn@symantec.com,Rwanda,143.40.171.186,video/x-msvideo
961,Daniel,Burke,dburkeqo@slashdot.org,Ethiopia,122.222.74.119,image/gif
962,Debra,Fowler,dfowlerqp@aol.com,Canada,237.197.39.225,application/x-troff-msvideo
963,John,Sims,jsimsqq@oracle.com,,131.164.153.248,application/x-mspowerpoint
964,Paula,Flores,pfloresqr@myspace.com,Sweden,243.145.192.248,text/plain
965,Gerald,Black,gblackqs@alibaba.com,,239.182.84.77,application/x-troff-msvideo
966,Kevin,Grant,kgrantqt@nydailynews.com,Kazakhstan,239.131.156.13,video/mpeg
967,Jack,Mccoy,jmccoyqu@hp.com,Poland,52.17.239.252,image/jpeg
968,Gerald,Peters,gpetersqv@goo.ne.jp,Poland,195.193.88.219,video/x-msvideo
969,Earl,Murray,emurrayqw@yandex.ru,Thailand,13.248.255.223,image/x-tiff
970,Annie,Gomez,agomezqx@ibm.com,Ireland,220.225.253.16,video/mpeg
971,Frank,Watson,fwatsonqy@epa.gov,China,176.188.231.187,application/x-troff-msvideo
972,Teresa,Black,tblackqz@artisteer.com,Indonesia,14.178.235.206,application/x-msexcel
973,Christopher,Fernandez,cfernandezr0@gravatar.com,China,170.74.63.131,application/excel
974,Carl,Larson,clarsonr1@un.org,France,242.194.155.52,application/excel
975,Judith,Stephens,jstephensr2@netscape.com,China,130.204.100.28,video/quicktime
976,Richard,Perkins,rperkinsr3@domainmarket.com,United States,36.37.194.123,application/vnd.ms-powerpoint
977,Joan,Lawson,jlawsonr4@weebly.com,Indonesia,88.66.180.92,audio/mpeg3
978,Matthew,Knight,mknightr5@linkedin.com,China,89.49.91.150,text/plain
979,Catherine,Lopez,clopezr6@theatlantic.com,United States,56.116.103.147,image/png
980,Russell,Greene,rgreener7@prnewswire.com,,72.49.252.6,image/jpeg
981,Todd,Alvarez,talvarezr8@amazon.de,Bulgaria,193.135.243.211,image/tiff
982,Ronald,Scott,rscottr9@naver.com,Thailand,67.180.156.69,application/x-troff-msvideo
983,Adam,Nguyen,anguyenra@php.net,Sweden,47.51.111.157,image/tiff
984,Jason,Long,jlongrb@comcast.net,Poland,102.25.11.59,video/msvideo
985,Marilyn,Peters,mpetersrc@aboutads.info,Poland,230.228.224.29,application/x-msexcel
986,Earl,Little,,Brazil,146.215.236.49,video/avi
987,Brandon,Davis,bdavisre@paypal.com,Finland,67.2.68.201,text/plain
988,Russell,Harris,rharrisrf@china.com.cn,Venezuela,143.133.21.66,application/x-msexcel
989,Carl,Carter,ccarterrg@ovh.net,Mexico,81.59.200.118,application/x-excel
990,Bonnie,Nelson,bnelsonrh@github.io,Chile,98.254.212.53,video/avi
991,Kimberly,Black,kblackri@barnesandnoble.com,China,119.201.46.207,application/x-msexcel
992,Walter,Watkins,wwatkinsrj@google.cn,,206.2.148.3,image/tiff
993,Paula,Washington,pwashingtonrk@parallels.com,Burundi,213.2.15.44,video/avi
994,Phillip,Cooper,pcooperrl@mail.ru,Uzbekistan,220.185.32.233,image/jpeg
995,Matthew,Owens,mowensrm@ycombinator.com,Russia,54.52.27.71,application/x-troff-msvideo
996,Andrew,Banks,,Croatia,144.6.58.186,application/x-excel
997,John,Adams,jadamsro@mozilla.org,,5.241.124.106,application/x-msexcel
998,Jeremy,Gonzalez,jgonzalezrp@chicagotribune.com,Democratic Republic of the Congo,204.164.116.183,image/jpeg
999,Randy,Willis,rwillisrq@paginegialle.it,Philippines,104.183.225.227,application/msword
1000,Frances,Adams,fadamsrr@netscape.com,Sweden,117.182.105.166,application/vnd.ms-excel
